# Jungle procedural fish-form1. Vertex colors: RGB extension. Units: model units.
o fish-form1
v 0.18343 0.00000 0.34413 0.8902 0.6627 0.2431
v 0.10000 0.00000 0.35000 0.8902 0.6627 0.2431
v 0.17840 0.01099 0.34413 0.8902 0.6627 0.2431
f 1 2 3
v 0.17840 0.01099 0.34413 0.8902 0.6627 0.2431
v 0.10000 0.00000 0.35000 0.8902 0.6627 0.2431
v 0.16391 0.02066 0.34413 0.8902 0.6627 0.2431
f 4 5 6
v 0.16391 0.02066 0.34413 0.5765 0.3922 0.1765
v 0.10000 0.00000 0.35000 0.5765 0.3922 0.1765
v 0.14172 0.02783 0.34413 0.5765 0.3922 0.1765
f 7 8 9
v 0.14172 0.02783 0.34413 0.5765 0.3922 0.1765
v 0.10000 0.00000 0.35000 0.5765 0.3922 0.1765
v 0.11449 0.03165 0.34413 0.5765 0.3922 0.1765
f 10 11 12
v 0.11449 0.03165 0.34413 0.5765 0.3922 0.1765
v 0.10000 0.00000 0.35000 0.5765 0.3922 0.1765
v 0.08551 0.03165 0.34413 0.5765 0.3922 0.1765
f 13 14 15
v 0.08551 0.03165 0.34413 0.8902 0.6627 0.2431
v 0.10000 0.00000 0.35000 0.8902 0.6627 0.2431
v 0.05828 0.02783 0.34413 0.8902 0.6627 0.2431
f 16 17 18
v 0.05828 0.02783 0.34413 0.8902 0.6627 0.2431
v 0.10000 0.00000 0.35000 0.8902 0.6627 0.2431
v 0.03609 0.02066 0.34413 0.8902 0.6627 0.2431
f 19 20 21
v 0.03609 0.02066 0.34413 0.8902 0.6627 0.2431
v 0.10000 0.00000 0.35000 0.8902 0.6627 0.2431
v 0.02160 0.01099 0.34413 0.8902 0.6627 0.2431
f 22 23 24
v 0.02160 0.01099 0.34413 0.8902 0.6627 0.2431
v 0.10000 0.00000 0.35000 0.8902 0.6627 0.2431
v 0.01657 0.00000 0.34413 0.8902 0.6627 0.2431
f 25 26 27
v 0.01657 0.00000 0.34413 0.8902 0.6627 0.2431
v 0.10000 0.00000 0.35000 0.8902 0.6627 0.2431
v 0.02160 -0.01099 0.34413 0.8902 0.6627 0.2431
f 28 29 30
v 0.02160 -0.01099 0.34413 0.8902 0.6627 0.2431
v 0.10000 0.00000 0.35000 0.8902 0.6627 0.2431
v 0.03609 -0.02066 0.34413 0.8902 0.6627 0.2431
f 31 32 33
v 0.03609 -0.02066 0.34413 0.8902 0.6627 0.2431
v 0.10000 0.00000 0.35000 0.8902 0.6627 0.2431
v 0.05828 -0.02783 0.34413 0.8902 0.6627 0.2431
f 34 35 36
v 0.05828 -0.02783 0.34413 0.8902 0.6627 0.2431
v 0.10000 0.00000 0.35000 0.8902 0.6627 0.2431
v 0.08551 -0.03165 0.34413 0.8902 0.6627 0.2431
f 37 38 39
v 0.08551 -0.03165 0.34413 0.8902 0.6627 0.2431
v 0.10000 0.00000 0.35000 0.8902 0.6627 0.2431
v 0.11449 -0.03165 0.34413 0.8902 0.6627 0.2431
f 40 41 42
v 0.11449 -0.03165 0.34413 0.5765 0.3922 0.1765
v 0.10000 0.00000 0.35000 0.5765 0.3922 0.1765
v 0.14172 -0.02783 0.34413 0.5765 0.3922 0.1765
f 43 44 45
v 0.14172 -0.02783 0.34413 0.5765 0.3922 0.1765
v 0.10000 0.00000 0.35000 0.5765 0.3922 0.1765
v 0.16391 -0.02066 0.34413 0.5765 0.3922 0.1765
f 46 47 48
v 0.16391 -0.02066 0.34413 0.5765 0.3922 0.1765
v 0.10000 0.00000 0.35000 0.5765 0.3922 0.1765
v 0.17840 -0.01099 0.34413 0.5765 0.3922 0.1765
f 49 50 51
v 0.17840 -0.01099 0.34413 0.8902 0.6627 0.2431
v 0.10000 0.00000 0.35000 0.8902 0.6627 0.2431
v 0.18343 -0.00000 0.34413 0.8902 0.6627 0.2431
f 52 53 54
v 0.18343 0.00000 0.34413 0.8902 0.6627 0.2431
v 0.17840 0.01099 0.34413 0.8902 0.6627 0.2431
v 0.25870 0.00000 0.32708 0.8902 0.6627 0.2431
f 55 56 57
v 0.25870 0.00000 0.32708 0.8902 0.6627 0.2431
v 0.17840 0.01099 0.34413 0.8902 0.6627 0.2431
v 0.24913 0.02091 0.32708 0.8902 0.6627 0.2431
f 58 59 60
v 0.17840 0.01099 0.34413 0.5765 0.3922 0.1765
v 0.16391 0.02066 0.34413 0.5765 0.3922 0.1765
v 0.24913 0.02091 0.32708 0.5765 0.3922 0.1765
f 61 62 63
v 0.24913 0.02091 0.32708 0.5765 0.3922 0.1765
v 0.16391 0.02066 0.34413 0.5765 0.3922 0.1765
v 0.22157 0.03929 0.32708 0.5765 0.3922 0.1765
f 64 65 66
v 0.16391 0.02066 0.34413 0.5765 0.3922 0.1765
v 0.14172 0.02783 0.34413 0.5765 0.3922 0.1765
v 0.22157 0.03929 0.32708 0.5765 0.3922 0.1765
f 67 68 69
v 0.22157 0.03929 0.32708 0.5765 0.3922 0.1765
v 0.14172 0.02783 0.34413 0.5765 0.3922 0.1765
v 0.17935 0.05294 0.32708 0.5765 0.3922 0.1765
f 70 71 72
v 0.14172 0.02783 0.34413 0.8902 0.6627 0.2431
v 0.11449 0.03165 0.34413 0.8902 0.6627 0.2431
v 0.17935 0.05294 0.32708 0.8902 0.6627 0.2431
f 73 74 75
v 0.17935 0.05294 0.32708 0.8902 0.6627 0.2431
v 0.11449 0.03165 0.34413 0.8902 0.6627 0.2431
v 0.12756 0.06020 0.32708 0.8902 0.6627 0.2431
f 76 77 78
v 0.11449 0.03165 0.34413 0.5765 0.3922 0.1765
v 0.08551 0.03165 0.34413 0.5765 0.3922 0.1765
v 0.12756 0.06020 0.32708 0.5765 0.3922 0.1765
f 79 80 81
v 0.12756 0.06020 0.32708 0.5765 0.3922 0.1765
v 0.08551 0.03165 0.34413 0.5765 0.3922 0.1765
v 0.07244 0.06020 0.32708 0.5765 0.3922 0.1765
f 82 83 84
v 0.08551 0.03165 0.34413 0.8902 0.6627 0.2431
v 0.05828 0.02783 0.34413 0.8902 0.6627 0.2431
v 0.07244 0.06020 0.32708 0.8902 0.6627 0.2431
f 85 86 87
v 0.07244 0.06020 0.32708 0.8902 0.6627 0.2431
v 0.05828 0.02783 0.34413 0.8902 0.6627 0.2431
v 0.02065 0.05294 0.32708 0.8902 0.6627 0.2431
f 88 89 90
v 0.05828 0.02783 0.34413 0.5765 0.3922 0.1765
v 0.03609 0.02066 0.34413 0.5765 0.3922 0.1765
v 0.02065 0.05294 0.32708 0.5765 0.3922 0.1765
f 91 92 93
v 0.02065 0.05294 0.32708 0.5765 0.3922 0.1765
v 0.03609 0.02066 0.34413 0.5765 0.3922 0.1765
v -0.02157 0.03929 0.32708 0.5765 0.3922 0.1765
f 94 95 96
v 0.03609 0.02066 0.34413 0.8902 0.6627 0.2431
v 0.02160 0.01099 0.34413 0.8902 0.6627 0.2431
v -0.02157 0.03929 0.32708 0.8902 0.6627 0.2431
f 97 98 99
v -0.02157 0.03929 0.32708 0.8902 0.6627 0.2431
v 0.02160 0.01099 0.34413 0.8902 0.6627 0.2431
v -0.04913 0.02091 0.32708 0.8902 0.6627 0.2431
f 100 101 102
v 0.02160 0.01099 0.34413 0.8902 0.6627 0.2431
v 0.01657 0.00000 0.34413 0.8902 0.6627 0.2431
v -0.04913 0.02091 0.32708 0.8902 0.6627 0.2431
f 103 104 105
v -0.04913 0.02091 0.32708 0.8902 0.6627 0.2431
v 0.01657 0.00000 0.34413 0.8902 0.6627 0.2431
v -0.05870 0.00000 0.32708 0.8902 0.6627 0.2431
f 106 107 108
v 0.01657 0.00000 0.34413 0.8902 0.6627 0.2431
v 0.02160 -0.01099 0.34413 0.8902 0.6627 0.2431
v -0.05870 0.00000 0.32708 0.8902 0.6627 0.2431
f 109 110 111
v -0.05870 0.00000 0.32708 0.8902 0.6627 0.2431
v 0.02160 -0.01099 0.34413 0.8902 0.6627 0.2431
v -0.04913 -0.02091 0.32708 0.8902 0.6627 0.2431
f 112 113 114
v 0.02160 -0.01099 0.34413 0.8902 0.6627 0.2431
v 0.03609 -0.02066 0.34413 0.8902 0.6627 0.2431
v -0.04913 -0.02091 0.32708 0.8902 0.6627 0.2431
f 115 116 117
v -0.04913 -0.02091 0.32708 0.8902 0.6627 0.2431
v 0.03609 -0.02066 0.34413 0.8902 0.6627 0.2431
v -0.02157 -0.03929 0.32708 0.8902 0.6627 0.2431
f 118 119 120
v 0.03609 -0.02066 0.34413 0.8902 0.6627 0.2431
v 0.05828 -0.02783 0.34413 0.8902 0.6627 0.2431
v -0.02157 -0.03929 0.32708 0.8902 0.6627 0.2431
f 121 122 123
v -0.02157 -0.03929 0.32708 0.8902 0.6627 0.2431
v 0.05828 -0.02783 0.34413 0.8902 0.6627 0.2431
v 0.02065 -0.05294 0.32708 0.8902 0.6627 0.2431
f 124 125 126
v 0.05828 -0.02783 0.34413 0.5765 0.3922 0.1765
v 0.08551 -0.03165 0.34413 0.5765 0.3922 0.1765
v 0.02065 -0.05294 0.32708 0.5765 0.3922 0.1765
f 127 128 129
v 0.02065 -0.05294 0.32708 0.5765 0.3922 0.1765
v 0.08551 -0.03165 0.34413 0.5765 0.3922 0.1765
v 0.07244 -0.06020 0.32708 0.5765 0.3922 0.1765
f 130 131 132
v 0.08551 -0.03165 0.34413 0.8902 0.6627 0.2431
v 0.11449 -0.03165 0.34413 0.8902 0.6627 0.2431
v 0.07244 -0.06020 0.32708 0.8902 0.6627 0.2431
f 133 134 135
v 0.07244 -0.06020 0.32708 0.8902 0.6627 0.2431
v 0.11449 -0.03165 0.34413 0.8902 0.6627 0.2431
v 0.12756 -0.06020 0.32708 0.8902 0.6627 0.2431
f 136 137 138
v 0.11449 -0.03165 0.34413 0.5765 0.3922 0.1765
v 0.14172 -0.02783 0.34413 0.5765 0.3922 0.1765
v 0.12756 -0.06020 0.32708 0.5765 0.3922 0.1765
f 139 140 141
v 0.12756 -0.06020 0.32708 0.5765 0.3922 0.1765
v 0.14172 -0.02783 0.34413 0.5765 0.3922 0.1765
v 0.17935 -0.05294 0.32708 0.5765 0.3922 0.1765
f 142 143 144
v 0.14172 -0.02783 0.34413 0.8902 0.6627 0.2431
v 0.16391 -0.02066 0.34413 0.8902 0.6627 0.2431
v 0.17935 -0.05294 0.32708 0.8902 0.6627 0.2431
f 145 146 147
v 0.17935 -0.05294 0.32708 0.8902 0.6627 0.2431
v 0.16391 -0.02066 0.34413 0.8902 0.6627 0.2431
v 0.22157 -0.03929 0.32708 0.8902 0.6627 0.2431
f 148 149 150
v 0.16391 -0.02066 0.34413 0.5765 0.3922 0.1765
v 0.17840 -0.01099 0.34413 0.5765 0.3922 0.1765
v 0.22157 -0.03929 0.32708 0.5765 0.3922 0.1765
f 151 152 153
v 0.22157 -0.03929 0.32708 0.5765 0.3922 0.1765
v 0.17840 -0.01099 0.34413 0.5765 0.3922 0.1765
v 0.24913 -0.02091 0.32708 0.5765 0.3922 0.1765
f 154 155 156
v 0.17840 -0.01099 0.34413 0.5765 0.3922 0.1765
v 0.18343 -0.00000 0.34413 0.5765 0.3922 0.1765
v 0.24913 -0.02091 0.32708 0.5765 0.3922 0.1765
f 157 158 159
v 0.24913 -0.02091 0.32708 0.5765 0.3922 0.1765
v 0.18343 -0.00000 0.34413 0.5765 0.3922 0.1765
v 0.25870 -0.00000 0.32708 0.5765 0.3922 0.1765
f 160 161 162
v 0.25870 0.00000 0.32708 0.5765 0.3922 0.1765
v 0.24913 0.02091 0.32708 0.5765 0.3922 0.1765
v 0.31843 0.00000 0.30053 0.5765 0.3922 0.1765
f 163 164 165
v 0.31843 0.00000 0.30053 0.5765 0.3922 0.1765
v 0.24913 0.02091 0.32708 0.5765 0.3922 0.1765
v 0.30526 0.02878 0.30053 0.5765 0.3922 0.1765
f 166 167 168
v 0.24913 0.02091 0.32708 0.5765 0.3922 0.1765
v 0.22157 0.03929 0.32708 0.5765 0.3922 0.1765
v 0.30526 0.02878 0.30053 0.5765 0.3922 0.1765
f 169 170 171
v 0.30526 0.02878 0.30053 0.5765 0.3922 0.1765
v 0.22157 0.03929 0.32708 0.5765 0.3922 0.1765
v 0.26733 0.05408 0.30053 0.5765 0.3922 0.1765
f 172 173 174
v 0.22157 0.03929 0.32708 0.8902 0.6627 0.2431
v 0.17935 0.05294 0.32708 0.8902 0.6627 0.2431
v 0.26733 0.05408 0.30053 0.8902 0.6627 0.2431
f 175 176 177
v 0.26733 0.05408 0.30053 0.8902 0.6627 0.2431
v 0.17935 0.05294 0.32708 0.8902 0.6627 0.2431
v 0.20922 0.07287 0.30053 0.8902 0.6627 0.2431
f 178 179 180
v 0.17935 0.05294 0.32708 0.5765 0.3922 0.1765
v 0.12756 0.06020 0.32708 0.5765 0.3922 0.1765
v 0.20922 0.07287 0.30053 0.5765 0.3922 0.1765
f 181 182 183
v 0.20922 0.07287 0.30053 0.5765 0.3922 0.1765
v 0.12756 0.06020 0.32708 0.5765 0.3922 0.1765
v 0.13793 0.08286 0.30053 0.5765 0.3922 0.1765
f 184 185 186
v 0.12756 0.06020 0.32708 0.5765 0.3922 0.1765
v 0.07244 0.06020 0.32708 0.5765 0.3922 0.1765
v 0.13793 0.08286 0.30053 0.5765 0.3922 0.1765
f 187 188 189
v 0.13793 0.08286 0.30053 0.5765 0.3922 0.1765
v 0.07244 0.06020 0.32708 0.5765 0.3922 0.1765
v 0.06207 0.08286 0.30053 0.5765 0.3922 0.1765
f 190 191 192
v 0.07244 0.06020 0.32708 0.8902 0.6627 0.2431
v 0.02065 0.05294 0.32708 0.8902 0.6627 0.2431
v 0.06207 0.08286 0.30053 0.8902 0.6627 0.2431
f 193 194 195
v 0.06207 0.08286 0.30053 0.8902 0.6627 0.2431
v 0.02065 0.05294 0.32708 0.8902 0.6627 0.2431
v -0.00922 0.07287 0.30053 0.8902 0.6627 0.2431
f 196 197 198
v 0.02065 0.05294 0.32708 0.8902 0.6627 0.2431
v -0.02157 0.03929 0.32708 0.8902 0.6627 0.2431
v -0.00922 0.07287 0.30053 0.8902 0.6627 0.2431
f 199 200 201
v -0.00922 0.07287 0.30053 0.8902 0.6627 0.2431
v -0.02157 0.03929 0.32708 0.8902 0.6627 0.2431
v -0.06733 0.05408 0.30053 0.8902 0.6627 0.2431
f 202 203 204
v -0.02157 0.03929 0.32708 0.5765 0.3922 0.1765
v -0.04913 0.02091 0.32708 0.5765 0.3922 0.1765
v -0.06733 0.05408 0.30053 0.5765 0.3922 0.1765
f 205 206 207
v -0.06733 0.05408 0.30053 0.5765 0.3922 0.1765
v -0.04913 0.02091 0.32708 0.5765 0.3922 0.1765
v -0.10526 0.02878 0.30053 0.5765 0.3922 0.1765
f 208 209 210
v -0.04913 0.02091 0.32708 0.8902 0.6627 0.2431
v -0.05870 0.00000 0.32708 0.8902 0.6627 0.2431
v -0.10526 0.02878 0.30053 0.8902 0.6627 0.2431
f 211 212 213
v -0.10526 0.02878 0.30053 0.8902 0.6627 0.2431
v -0.05870 0.00000 0.32708 0.8902 0.6627 0.2431
v -0.11843 0.00000 0.30053 0.8902 0.6627 0.2431
f 214 215 216
v -0.05870 0.00000 0.32708 0.8902 0.6627 0.2431
v -0.04913 -0.02091 0.32708 0.8902 0.6627 0.2431
v -0.11843 0.00000 0.30053 0.8902 0.6627 0.2431
f 217 218 219
v -0.11843 0.00000 0.30053 0.8902 0.6627 0.2431
v -0.04913 -0.02091 0.32708 0.8902 0.6627 0.2431
v -0.10526 -0.02878 0.30053 0.8902 0.6627 0.2431
f 220 221 222
v -0.04913 -0.02091 0.32708 0.8902 0.6627 0.2431
v -0.02157 -0.03929 0.32708 0.8902 0.6627 0.2431
v -0.10526 -0.02878 0.30053 0.8902 0.6627 0.2431
f 223 224 225
v -0.10526 -0.02878 0.30053 0.8902 0.6627 0.2431
v -0.02157 -0.03929 0.32708 0.8902 0.6627 0.2431
v -0.06733 -0.05408 0.30053 0.8902 0.6627 0.2431
f 226 227 228
v -0.02157 -0.03929 0.32708 0.5765 0.3922 0.1765
v 0.02065 -0.05294 0.32708 0.5765 0.3922 0.1765
v -0.06733 -0.05408 0.30053 0.5765 0.3922 0.1765
f 229 230 231
v -0.06733 -0.05408 0.30053 0.5765 0.3922 0.1765
v 0.02065 -0.05294 0.32708 0.5765 0.3922 0.1765
v -0.00922 -0.07287 0.30053 0.5765 0.3922 0.1765
f 232 233 234
v 0.02065 -0.05294 0.32708 0.8902 0.6627 0.2431
v 0.07244 -0.06020 0.32708 0.8902 0.6627 0.2431
v -0.00922 -0.07287 0.30053 0.8902 0.6627 0.2431
f 235 236 237
v -0.00922 -0.07287 0.30053 0.8902 0.6627 0.2431
v 0.07244 -0.06020 0.32708 0.8902 0.6627 0.2431
v 0.06207 -0.08286 0.30053 0.8902 0.6627 0.2431
f 238 239 240
v 0.07244 -0.06020 0.32708 0.8902 0.6627 0.2431
v 0.12756 -0.06020 0.32708 0.8902 0.6627 0.2431
v 0.06207 -0.08286 0.30053 0.8902 0.6627 0.2431
f 241 242 243
v 0.06207 -0.08286 0.30053 0.8902 0.6627 0.2431
v 0.12756 -0.06020 0.32708 0.8902 0.6627 0.2431
v 0.13793 -0.08286 0.30053 0.8902 0.6627 0.2431
f 244 245 246
v 0.12756 -0.06020 0.32708 0.5765 0.3922 0.1765
v 0.17935 -0.05294 0.32708 0.5765 0.3922 0.1765
v 0.13793 -0.08286 0.30053 0.5765 0.3922 0.1765
f 247 248 249
v 0.13793 -0.08286 0.30053 0.5765 0.3922 0.1765
v 0.17935 -0.05294 0.32708 0.5765 0.3922 0.1765
v 0.20922 -0.07287 0.30053 0.5765 0.3922 0.1765
f 250 251 252
v 0.17935 -0.05294 0.32708 0.5765 0.3922 0.1765
v 0.22157 -0.03929 0.32708 0.5765 0.3922 0.1765
v 0.20922 -0.07287 0.30053 0.5765 0.3922 0.1765
f 253 254 255
v 0.20922 -0.07287 0.30053 0.5765 0.3922 0.1765
v 0.22157 -0.03929 0.32708 0.5765 0.3922 0.1765
v 0.26733 -0.05408 0.30053 0.5765 0.3922 0.1765
f 256 257 258
v 0.22157 -0.03929 0.32708 0.8902 0.6627 0.2431
v 0.24913 -0.02091 0.32708 0.8902 0.6627 0.2431
v 0.26733 -0.05408 0.30053 0.8902 0.6627 0.2431
f 259 260 261
v 0.26733 -0.05408 0.30053 0.8902 0.6627 0.2431
v 0.24913 -0.02091 0.32708 0.8902 0.6627 0.2431
v 0.30526 -0.02878 0.30053 0.8902 0.6627 0.2431
f 262 263 264
v 0.24913 -0.02091 0.32708 0.5765 0.3922 0.1765
v 0.25870 -0.00000 0.32708 0.5765 0.3922 0.1765
v 0.30526 -0.02878 0.30053 0.5765 0.3922 0.1765
f 265 266 267
v 0.30526 -0.02878 0.30053 0.5765 0.3922 0.1765
v 0.25870 -0.00000 0.32708 0.5765 0.3922 0.1765
v 0.31843 -0.00000 0.30053 0.5765 0.3922 0.1765
f 268 269 270
v 0.31843 0.00000 0.30053 0.8902 0.6627 0.2431
v 0.30526 0.02878 0.30053 0.8902 0.6627 0.2431
v 0.35679 0.00000 0.26708 0.8902 0.6627 0.2431
f 271 272 273
v 0.35679 0.00000 0.26708 0.8902 0.6627 0.2431
v 0.30526 0.02878 0.30053 0.8902 0.6627 0.2431
v 0.34130 0.03383 0.26708 0.8902 0.6627 0.2431
f 274 275 276
v 0.30526 0.02878 0.30053 0.8902 0.6627 0.2431
v 0.26733 0.05408 0.30053 0.8902 0.6627 0.2431
v 0.34130 0.03383 0.26708 0.8902 0.6627 0.2431
f 277 278 279
v 0.34130 0.03383 0.26708 0.8902 0.6627 0.2431
v 0.26733 0.05408 0.30053 0.8902 0.6627 0.2431
v 0.29671 0.06358 0.26708 0.8902 0.6627 0.2431
f 280 281 282
v 0.26733 0.05408 0.30053 0.5765 0.3922 0.1765
v 0.20922 0.07287 0.30053 0.5765 0.3922 0.1765
v 0.29671 0.06358 0.26708 0.5765 0.3922 0.1765
f 283 284 285
v 0.29671 0.06358 0.26708 0.5765 0.3922 0.1765
v 0.20922 0.07287 0.30053 0.5765 0.3922 0.1765
v 0.22839 0.08566 0.26708 0.5765 0.3922 0.1765
f 286 287 288
v 0.20922 0.07287 0.30053 0.8902 0.6627 0.2431
v 0.13793 0.08286 0.30053 0.8902 0.6627 0.2431
v 0.22839 0.08566 0.26708 0.8902 0.6627 0.2431
f 289 290 291
v 0.22839 0.08566 0.26708 0.8902 0.6627 0.2431
v 0.13793 0.08286 0.30053 0.8902 0.6627 0.2431
v 0.14459 0.09741 0.26708 0.8902 0.6627 0.2431
f 292 293 294
v 0.13793 0.08286 0.30053 0.8902 0.6627 0.2431
v 0.06207 0.08286 0.30053 0.8902 0.6627 0.2431
v 0.14459 0.09741 0.26708 0.8902 0.6627 0.2431
f 295 296 297
v 0.14459 0.09741 0.26708 0.8902 0.6627 0.2431
v 0.06207 0.08286 0.30053 0.8902 0.6627 0.2431
v 0.05541 0.09741 0.26708 0.8902 0.6627 0.2431
f 298 299 300
v 0.06207 0.08286 0.30053 0.8902 0.6627 0.2431
v -0.00922 0.07287 0.30053 0.8902 0.6627 0.2431
v 0.05541 0.09741 0.26708 0.8902 0.6627 0.2431
f 301 302 303
v 0.05541 0.09741 0.26708 0.8902 0.6627 0.2431
v -0.00922 0.07287 0.30053 0.8902 0.6627 0.2431
v -0.02839 0.08566 0.26708 0.8902 0.6627 0.2431
f 304 305 306
v -0.00922 0.07287 0.30053 0.8902 0.6627 0.2431
v -0.06733 0.05408 0.30053 0.8902 0.6627 0.2431
v -0.02839 0.08566 0.26708 0.8902 0.6627 0.2431
f 307 308 309
v -0.02839 0.08566 0.26708 0.8902 0.6627 0.2431
v -0.06733 0.05408 0.30053 0.8902 0.6627 0.2431
v -0.09671 0.06358 0.26708 0.8902 0.6627 0.2431
f 310 311 312
v -0.06733 0.05408 0.30053 0.8902 0.6627 0.2431
v -0.10526 0.02878 0.30053 0.8902 0.6627 0.2431
v -0.09671 0.06358 0.26708 0.8902 0.6627 0.2431
f 313 314 315
v -0.09671 0.06358 0.26708 0.8902 0.6627 0.2431
v -0.10526 0.02878 0.30053 0.8902 0.6627 0.2431
v -0.14130 0.03383 0.26708 0.8902 0.6627 0.2431
f 316 317 318
v -0.10526 0.02878 0.30053 0.5765 0.3922 0.1765
v -0.11843 0.00000 0.30053 0.5765 0.3922 0.1765
v -0.14130 0.03383 0.26708 0.5765 0.3922 0.1765
f 319 320 321
v -0.14130 0.03383 0.26708 0.5765 0.3922 0.1765
v -0.11843 0.00000 0.30053 0.5765 0.3922 0.1765
v -0.15679 0.00000 0.26708 0.5765 0.3922 0.1765
f 322 323 324
v -0.11843 0.00000 0.30053 0.5765 0.3922 0.1765
v -0.10526 -0.02878 0.30053 0.5765 0.3922 0.1765
v -0.15679 0.00000 0.26708 0.5765 0.3922 0.1765
f 325 326 327
v -0.15679 0.00000 0.26708 0.5765 0.3922 0.1765
v -0.10526 -0.02878 0.30053 0.5765 0.3922 0.1765
v -0.14130 -0.03383 0.26708 0.5765 0.3922 0.1765
f 328 329 330
v -0.10526 -0.02878 0.30053 0.5765 0.3922 0.1765
v -0.06733 -0.05408 0.30053 0.5765 0.3922 0.1765
v -0.14130 -0.03383 0.26708 0.5765 0.3922 0.1765
f 331 332 333
v -0.14130 -0.03383 0.26708 0.5765 0.3922 0.1765
v -0.06733 -0.05408 0.30053 0.5765 0.3922 0.1765
v -0.09671 -0.06358 0.26708 0.5765 0.3922 0.1765
f 334 335 336
v -0.06733 -0.05408 0.30053 0.8902 0.6627 0.2431
v -0.00922 -0.07287 0.30053 0.8902 0.6627 0.2431
v -0.09671 -0.06358 0.26708 0.8902 0.6627 0.2431
f 337 338 339
v -0.09671 -0.06358 0.26708 0.8902 0.6627 0.2431
v -0.00922 -0.07287 0.30053 0.8902 0.6627 0.2431
v -0.02839 -0.08566 0.26708 0.8902 0.6627 0.2431
f 340 341 342
v -0.00922 -0.07287 0.30053 0.8902 0.6627 0.2431
v 0.06207 -0.08286 0.30053 0.8902 0.6627 0.2431
v -0.02839 -0.08566 0.26708 0.8902 0.6627 0.2431
f 343 344 345
v -0.02839 -0.08566 0.26708 0.8902 0.6627 0.2431
v 0.06207 -0.08286 0.30053 0.8902 0.6627 0.2431
v 0.05541 -0.09741 0.26708 0.8902 0.6627 0.2431
f 346 347 348
v 0.06207 -0.08286 0.30053 0.8902 0.6627 0.2431
v 0.13793 -0.08286 0.30053 0.8902 0.6627 0.2431
v 0.05541 -0.09741 0.26708 0.8902 0.6627 0.2431
f 349 350 351
v 0.05541 -0.09741 0.26708 0.8902 0.6627 0.2431
v 0.13793 -0.08286 0.30053 0.8902 0.6627 0.2431
v 0.14459 -0.09741 0.26708 0.8902 0.6627 0.2431
f 352 353 354
v 0.13793 -0.08286 0.30053 0.8902 0.6627 0.2431
v 0.20922 -0.07287 0.30053 0.8902 0.6627 0.2431
v 0.14459 -0.09741 0.26708 0.8902 0.6627 0.2431
f 355 356 357
v 0.14459 -0.09741 0.26708 0.8902 0.6627 0.2431
v 0.20922 -0.07287 0.30053 0.8902 0.6627 0.2431
v 0.22839 -0.08566 0.26708 0.8902 0.6627 0.2431
f 358 359 360
v 0.20922 -0.07287 0.30053 0.8902 0.6627 0.2431
v 0.26733 -0.05408 0.30053 0.8902 0.6627 0.2431
v 0.22839 -0.08566 0.26708 0.8902 0.6627 0.2431
f 361 362 363
v 0.22839 -0.08566 0.26708 0.8902 0.6627 0.2431
v 0.26733 -0.05408 0.30053 0.8902 0.6627 0.2431
v 0.29671 -0.06358 0.26708 0.8902 0.6627 0.2431
f 364 365 366
v 0.26733 -0.05408 0.30053 0.5765 0.3922 0.1765
v 0.30526 -0.02878 0.30053 0.5765 0.3922 0.1765
v 0.29671 -0.06358 0.26708 0.5765 0.3922 0.1765
f 367 368 369
v 0.29671 -0.06358 0.26708 0.5765 0.3922 0.1765
v 0.30526 -0.02878 0.30053 0.5765 0.3922 0.1765
v 0.34130 -0.03383 0.26708 0.5765 0.3922 0.1765
f 370 371 372
v 0.30526 -0.02878 0.30053 0.8902 0.6627 0.2431
v 0.31843 -0.00000 0.30053 0.8902 0.6627 0.2431
v 0.34130 -0.03383 0.26708 0.8902 0.6627 0.2431
f 373 374 375
v 0.34130 -0.03383 0.26708 0.8902 0.6627 0.2431
v 0.31843 -0.00000 0.30053 0.8902 0.6627 0.2431
v 0.35679 -0.00000 0.26708 0.8902 0.6627 0.2431
f 376 377 378
v 0.35679 0.00000 0.26708 0.5765 0.3922 0.1765
v 0.34130 0.03383 0.26708 0.5765 0.3922 0.1765
v 0.37000 0.00000 0.23000 0.5765 0.3922 0.1765
f 379 380 381
v 0.37000 0.00000 0.23000 0.5765 0.3922 0.1765
v 0.34130 0.03383 0.26708 0.5765 0.3922 0.1765
v 0.35372 0.03557 0.23000 0.5765 0.3922 0.1765
f 382 383 384
v 0.34130 0.03383 0.26708 0.8902 0.6627 0.2431
v 0.29671 0.06358 0.26708 0.8902 0.6627 0.2431
v 0.35372 0.03557 0.23000 0.8902 0.6627 0.2431
f 385 386 387
v 0.35372 0.03557 0.23000 0.8902 0.6627 0.2431
v 0.29671 0.06358 0.26708 0.8902 0.6627 0.2431
v 0.30683 0.06685 0.23000 0.8902 0.6627 0.2431
f 388 389 390
v 0.29671 0.06358 0.26708 0.5765 0.3922 0.1765
v 0.22839 0.08566 0.26708 0.5765 0.3922 0.1765
v 0.30683 0.06685 0.23000 0.5765 0.3922 0.1765
f 391 392 393
v 0.30683 0.06685 0.23000 0.5765 0.3922 0.1765
v 0.22839 0.08566 0.26708 0.5765 0.3922 0.1765
v 0.23500 0.09007 0.23000 0.5765 0.3922 0.1765
f 394 395 396
v 0.22839 0.08566 0.26708 0.8902 0.6627 0.2431
v 0.14459 0.09741 0.26708 0.8902 0.6627 0.2431
v 0.23500 0.09007 0.23000 0.8902 0.6627 0.2431
f 397 398 399
v 0.23500 0.09007 0.23000 0.8902 0.6627 0.2431
v 0.14459 0.09741 0.26708 0.8902 0.6627 0.2431
v 0.14689 0.10242 0.23000 0.8902 0.6627 0.2431
f 400 401 402
v 0.14459 0.09741 0.26708 0.8902 0.6627 0.2431
v 0.05541 0.09741 0.26708 0.8902 0.6627 0.2431
v 0.14689 0.10242 0.23000 0.8902 0.6627 0.2431
f 403 404 405
v 0.14689 0.10242 0.23000 0.8902 0.6627 0.2431
v 0.05541 0.09741 0.26708 0.8902 0.6627 0.2431
v 0.05311 0.10242 0.23000 0.8902 0.6627 0.2431
f 406 407 408
v 0.05541 0.09741 0.26708 0.8902 0.6627 0.2431
v -0.02839 0.08566 0.26708 0.8902 0.6627 0.2431
v 0.05311 0.10242 0.23000 0.8902 0.6627 0.2431
f 409 410 411
v 0.05311 0.10242 0.23000 0.8902 0.6627 0.2431
v -0.02839 0.08566 0.26708 0.8902 0.6627 0.2431
v -0.03500 0.09007 0.23000 0.8902 0.6627 0.2431
f 412 413 414
v -0.02839 0.08566 0.26708 0.8902 0.6627 0.2431
v -0.09671 0.06358 0.26708 0.8902 0.6627 0.2431
v -0.03500 0.09007 0.23000 0.8902 0.6627 0.2431
f 415 416 417
v -0.03500 0.09007 0.23000 0.8902 0.6627 0.2431
v -0.09671 0.06358 0.26708 0.8902 0.6627 0.2431
v -0.10683 0.06685 0.23000 0.8902 0.6627 0.2431
f 418 419 420
v -0.09671 0.06358 0.26708 0.8902 0.6627 0.2431
v -0.14130 0.03383 0.26708 0.8902 0.6627 0.2431
v -0.10683 0.06685 0.23000 0.8902 0.6627 0.2431
f 421 422 423
v -0.10683 0.06685 0.23000 0.8902 0.6627 0.2431
v -0.14130 0.03383 0.26708 0.8902 0.6627 0.2431
v -0.15372 0.03557 0.23000 0.8902 0.6627 0.2431
f 424 425 426
v -0.14130 0.03383 0.26708 0.8902 0.6627 0.2431
v -0.15679 0.00000 0.26708 0.8902 0.6627 0.2431
v -0.15372 0.03557 0.23000 0.8902 0.6627 0.2431
f 427 428 429
v -0.15372 0.03557 0.23000 0.8902 0.6627 0.2431
v -0.15679 0.00000 0.26708 0.8902 0.6627 0.2431
v -0.17000 0.00000 0.23000 0.8902 0.6627 0.2431
f 430 431 432
v -0.15679 0.00000 0.26708 0.8902 0.6627 0.2431
v -0.14130 -0.03383 0.26708 0.8902 0.6627 0.2431
v -0.17000 0.00000 0.23000 0.8902 0.6627 0.2431
f 433 434 435
v -0.17000 0.00000 0.23000 0.8902 0.6627 0.2431
v -0.14130 -0.03383 0.26708 0.8902 0.6627 0.2431
v -0.15372 -0.03557 0.23000 0.8902 0.6627 0.2431
f 436 437 438
v -0.14130 -0.03383 0.26708 0.8902 0.6627 0.2431
v -0.09671 -0.06358 0.26708 0.8902 0.6627 0.2431
v -0.15372 -0.03557 0.23000 0.8902 0.6627 0.2431
f 439 440 441
v -0.15372 -0.03557 0.23000 0.8902 0.6627 0.2431
v -0.09671 -0.06358 0.26708 0.8902 0.6627 0.2431
v -0.10683 -0.06685 0.23000 0.8902 0.6627 0.2431
f 442 443 444
v -0.09671 -0.06358 0.26708 0.8902 0.6627 0.2431
v -0.02839 -0.08566 0.26708 0.8902 0.6627 0.2431
v -0.10683 -0.06685 0.23000 0.8902 0.6627 0.2431
f 445 446 447
v -0.10683 -0.06685 0.23000 0.8902 0.6627 0.2431
v -0.02839 -0.08566 0.26708 0.8902 0.6627 0.2431
v -0.03500 -0.09007 0.23000 0.8902 0.6627 0.2431
f 448 449 450
v -0.02839 -0.08566 0.26708 0.8902 0.6627 0.2431
v 0.05541 -0.09741 0.26708 0.8902 0.6627 0.2431
v -0.03500 -0.09007 0.23000 0.8902 0.6627 0.2431
f 451 452 453
v -0.03500 -0.09007 0.23000 0.8902 0.6627 0.2431
v 0.05541 -0.09741 0.26708 0.8902 0.6627 0.2431
v 0.05311 -0.10242 0.23000 0.8902 0.6627 0.2431
f 454 455 456
v 0.05541 -0.09741 0.26708 0.8902 0.6627 0.2431
v 0.14459 -0.09741 0.26708 0.8902 0.6627 0.2431
v 0.05311 -0.10242 0.23000 0.8902 0.6627 0.2431
f 457 458 459
v 0.05311 -0.10242 0.23000 0.8902 0.6627 0.2431
v 0.14459 -0.09741 0.26708 0.8902 0.6627 0.2431
v 0.14689 -0.10242 0.23000 0.8902 0.6627 0.2431
f 460 461 462
v 0.14459 -0.09741 0.26708 0.8902 0.6627 0.2431
v 0.22839 -0.08566 0.26708 0.8902 0.6627 0.2431
v 0.14689 -0.10242 0.23000 0.8902 0.6627 0.2431
f 463 464 465
v 0.14689 -0.10242 0.23000 0.8902 0.6627 0.2431
v 0.22839 -0.08566 0.26708 0.8902 0.6627 0.2431
v 0.23500 -0.09007 0.23000 0.8902 0.6627 0.2431
f 466 467 468
v 0.22839 -0.08566 0.26708 0.8902 0.6627 0.2431
v 0.29671 -0.06358 0.26708 0.8902 0.6627 0.2431
v 0.23500 -0.09007 0.23000 0.8902 0.6627 0.2431
f 469 470 471
v 0.23500 -0.09007 0.23000 0.8902 0.6627 0.2431
v 0.29671 -0.06358 0.26708 0.8902 0.6627 0.2431
v 0.30683 -0.06685 0.23000 0.8902 0.6627 0.2431
f 472 473 474
v 0.29671 -0.06358 0.26708 0.5765 0.3922 0.1765
v 0.34130 -0.03383 0.26708 0.5765 0.3922 0.1765
v 0.30683 -0.06685 0.23000 0.5765 0.3922 0.1765
f 475 476 477
v 0.30683 -0.06685 0.23000 0.5765 0.3922 0.1765
v 0.34130 -0.03383 0.26708 0.5765 0.3922 0.1765
v 0.35372 -0.03557 0.23000 0.5765 0.3922 0.1765
f 478 479 480
v 0.34130 -0.03383 0.26708 0.8902 0.6627 0.2431
v 0.35679 -0.00000 0.26708 0.8902 0.6627 0.2431
v 0.35372 -0.03557 0.23000 0.8902 0.6627 0.2431
f 481 482 483
v 0.35372 -0.03557 0.23000 0.8902 0.6627 0.2431
v 0.35679 -0.00000 0.26708 0.8902 0.6627 0.2431
v 0.37000 -0.00000 0.23000 0.8902 0.6627 0.2431
f 484 485 486
v 0.37000 0.00000 0.23000 0.5765 0.3922 0.1765
v 0.35372 0.03557 0.23000 0.5765 0.3922 0.1765
v 0.35679 0.00000 0.19292 0.5765 0.3922 0.1765
f 487 488 489
v 0.35679 0.00000 0.19292 0.5765 0.3922 0.1765
v 0.35372 0.03557 0.23000 0.5765 0.3922 0.1765
v 0.34130 0.03383 0.19292 0.5765 0.3922 0.1765
f 490 491 492
v 0.35372 0.03557 0.23000 0.8902 0.6627 0.2431
v 0.30683 0.06685 0.23000 0.8902 0.6627 0.2431
v 0.34130 0.03383 0.19292 0.8902 0.6627 0.2431
f 493 494 495
v 0.34130 0.03383 0.19292 0.8902 0.6627 0.2431
v 0.30683 0.06685 0.23000 0.8902 0.6627 0.2431
v 0.29671 0.06358 0.19292 0.8902 0.6627 0.2431
f 496 497 498
v 0.30683 0.06685 0.23000 0.5765 0.3922 0.1765
v 0.23500 0.09007 0.23000 0.5765 0.3922 0.1765
v 0.29671 0.06358 0.19292 0.5765 0.3922 0.1765
f 499 500 501
v 0.29671 0.06358 0.19292 0.5765 0.3922 0.1765
v 0.23500 0.09007 0.23000 0.5765 0.3922 0.1765
v 0.22839 0.08566 0.19292 0.5765 0.3922 0.1765
f 502 503 504
v 0.23500 0.09007 0.23000 0.8902 0.6627 0.2431
v 0.14689 0.10242 0.23000 0.8902 0.6627 0.2431
v 0.22839 0.08566 0.19292 0.8902 0.6627 0.2431
f 505 506 507
v 0.22839 0.08566 0.19292 0.8902 0.6627 0.2431
v 0.14689 0.10242 0.23000 0.8902 0.6627 0.2431
v 0.14459 0.09741 0.19292 0.8902 0.6627 0.2431
f 508 509 510
v 0.14689 0.10242 0.23000 0.8902 0.6627 0.2431
v 0.05311 0.10242 0.23000 0.8902 0.6627 0.2431
v 0.14459 0.09741 0.19292 0.8902 0.6627 0.2431
f 511 512 513
v 0.14459 0.09741 0.19292 0.8902 0.6627 0.2431
v 0.05311 0.10242 0.23000 0.8902 0.6627 0.2431
v 0.05541 0.09741 0.19292 0.8902 0.6627 0.2431
f 514 515 516
v 0.05311 0.10242 0.23000 0.8902 0.6627 0.2431
v -0.03500 0.09007 0.23000 0.8902 0.6627 0.2431
v 0.05541 0.09741 0.19292 0.8902 0.6627 0.2431
f 517 518 519
v 0.05541 0.09741 0.19292 0.8902 0.6627 0.2431
v -0.03500 0.09007 0.23000 0.8902 0.6627 0.2431
v -0.02839 0.08566 0.19292 0.8902 0.6627 0.2431
f 520 521 522
v -0.03500 0.09007 0.23000 0.8902 0.6627 0.2431
v -0.10683 0.06685 0.23000 0.8902 0.6627 0.2431
v -0.02839 0.08566 0.19292 0.8902 0.6627 0.2431
f 523 524 525
v -0.02839 0.08566 0.19292 0.8902 0.6627 0.2431
v -0.10683 0.06685 0.23000 0.8902 0.6627 0.2431
v -0.09671 0.06358 0.19292 0.8902 0.6627 0.2431
f 526 527 528
v -0.10683 0.06685 0.23000 0.8902 0.6627 0.2431
v -0.15372 0.03557 0.23000 0.8902 0.6627 0.2431
v -0.09671 0.06358 0.19292 0.8902 0.6627 0.2431
f 529 530 531
v -0.09671 0.06358 0.19292 0.8902 0.6627 0.2431
v -0.15372 0.03557 0.23000 0.8902 0.6627 0.2431
v -0.14130 0.03383 0.19292 0.8902 0.6627 0.2431
f 532 533 534
v -0.15372 0.03557 0.23000 0.8902 0.6627 0.2431
v -0.17000 0.00000 0.23000 0.8902 0.6627 0.2431
v -0.14130 0.03383 0.19292 0.8902 0.6627 0.2431
f 535 536 537
v -0.14130 0.03383 0.19292 0.8902 0.6627 0.2431
v -0.17000 0.00000 0.23000 0.8902 0.6627 0.2431
v -0.15679 0.00000 0.19292 0.8902 0.6627 0.2431
f 538 539 540
v -0.17000 0.00000 0.23000 0.8902 0.6627 0.2431
v -0.15372 -0.03557 0.23000 0.8902 0.6627 0.2431
v -0.15679 0.00000 0.19292 0.8902 0.6627 0.2431
f 541 542 543
v -0.15679 0.00000 0.19292 0.8902 0.6627 0.2431
v -0.15372 -0.03557 0.23000 0.8902 0.6627 0.2431
v -0.14130 -0.03383 0.19292 0.8902 0.6627 0.2431
f 544 545 546
v -0.15372 -0.03557 0.23000 0.8902 0.6627 0.2431
v -0.10683 -0.06685 0.23000 0.8902 0.6627 0.2431
v -0.14130 -0.03383 0.19292 0.8902 0.6627 0.2431
f 547 548 549
v -0.14130 -0.03383 0.19292 0.8902 0.6627 0.2431
v -0.10683 -0.06685 0.23000 0.8902 0.6627 0.2431
v -0.09671 -0.06358 0.19292 0.8902 0.6627 0.2431
f 550 551 552
v -0.10683 -0.06685 0.23000 0.8902 0.6627 0.2431
v -0.03500 -0.09007 0.23000 0.8902 0.6627 0.2431
v -0.09671 -0.06358 0.19292 0.8902 0.6627 0.2431
f 553 554 555
v -0.09671 -0.06358 0.19292 0.8902 0.6627 0.2431
v -0.03500 -0.09007 0.23000 0.8902 0.6627 0.2431
v -0.02839 -0.08566 0.19292 0.8902 0.6627 0.2431
f 556 557 558
v -0.03500 -0.09007 0.23000 0.8902 0.6627 0.2431
v 0.05311 -0.10242 0.23000 0.8902 0.6627 0.2431
v -0.02839 -0.08566 0.19292 0.8902 0.6627 0.2431
f 559 560 561
v -0.02839 -0.08566 0.19292 0.8902 0.6627 0.2431
v 0.05311 -0.10242 0.23000 0.8902 0.6627 0.2431
v 0.05541 -0.09741 0.19292 0.8902 0.6627 0.2431
f 562 563 564
v 0.05311 -0.10242 0.23000 0.8902 0.6627 0.2431
v 0.14689 -0.10242 0.23000 0.8902 0.6627 0.2431
v 0.05541 -0.09741 0.19292 0.8902 0.6627 0.2431
f 565 566 567
v 0.05541 -0.09741 0.19292 0.8902 0.6627 0.2431
v 0.14689 -0.10242 0.23000 0.8902 0.6627 0.2431
v 0.14459 -0.09741 0.19292 0.8902 0.6627 0.2431
f 568 569 570
v 0.14689 -0.10242 0.23000 0.8902 0.6627 0.2431
v 0.23500 -0.09007 0.23000 0.8902 0.6627 0.2431
v 0.14459 -0.09741 0.19292 0.8902 0.6627 0.2431
f 571 572 573
v 0.14459 -0.09741 0.19292 0.8902 0.6627 0.2431
v 0.23500 -0.09007 0.23000 0.8902 0.6627 0.2431
v 0.22839 -0.08566 0.19292 0.8902 0.6627 0.2431
f 574 575 576
v 0.23500 -0.09007 0.23000 0.8902 0.6627 0.2431
v 0.30683 -0.06685 0.23000 0.8902 0.6627 0.2431
v 0.22839 -0.08566 0.19292 0.8902 0.6627 0.2431
f 577 578 579
v 0.22839 -0.08566 0.19292 0.8902 0.6627 0.2431
v 0.30683 -0.06685 0.23000 0.8902 0.6627 0.2431
v 0.29671 -0.06358 0.19292 0.8902 0.6627 0.2431
f 580 581 582
v 0.30683 -0.06685 0.23000 0.5765 0.3922 0.1765
v 0.35372 -0.03557 0.23000 0.5765 0.3922 0.1765
v 0.29671 -0.06358 0.19292 0.5765 0.3922 0.1765
f 583 584 585
v 0.29671 -0.06358 0.19292 0.5765 0.3922 0.1765
v 0.35372 -0.03557 0.23000 0.5765 0.3922 0.1765
v 0.34130 -0.03383 0.19292 0.5765 0.3922 0.1765
f 586 587 588
v 0.35372 -0.03557 0.23000 0.8902 0.6627 0.2431
v 0.37000 -0.00000 0.23000 0.8902 0.6627 0.2431
v 0.34130 -0.03383 0.19292 0.8902 0.6627 0.2431
f 589 590 591
v 0.34130 -0.03383 0.19292 0.8902 0.6627 0.2431
v 0.37000 -0.00000 0.23000 0.8902 0.6627 0.2431
v 0.35679 -0.00000 0.19292 0.8902 0.6627 0.2431
f 592 593 594
v 0.35679 0.00000 0.19292 0.9176 0.8275 0.4510
v 0.34130 0.03383 0.19292 0.9176 0.8275 0.4510
v 0.31843 0.00000 0.15947 0.9176 0.8275 0.4510
f 595 596 597
v 0.31843 0.00000 0.15947 0.9176 0.8275 0.4510
v 0.34130 0.03383 0.19292 0.9176 0.8275 0.4510
v 0.30526 0.02878 0.15947 0.9176 0.8275 0.4510
f 598 599 600
v 0.34130 0.03383 0.19292 0.9176 0.8275 0.4510
v 0.29671 0.06358 0.19292 0.9176 0.8275 0.4510
v 0.30526 0.02878 0.15947 0.9176 0.8275 0.4510
f 601 602 603
v 0.30526 0.02878 0.15947 0.9176 0.8275 0.4510
v 0.29671 0.06358 0.19292 0.9176 0.8275 0.4510
v 0.26733 0.05408 0.15947 0.9176 0.8275 0.4510
f 604 605 606
v 0.29671 0.06358 0.19292 0.9176 0.8275 0.4510
v 0.22839 0.08566 0.19292 0.9176 0.8275 0.4510
v 0.26733 0.05408 0.15947 0.9176 0.8275 0.4510
f 607 608 609
v 0.26733 0.05408 0.15947 0.9176 0.8275 0.4510
v 0.22839 0.08566 0.19292 0.9176 0.8275 0.4510
v 0.20922 0.07287 0.15947 0.9176 0.8275 0.4510
f 610 611 612
v 0.22839 0.08566 0.19292 0.9176 0.8275 0.4510
v 0.14459 0.09741 0.19292 0.9176 0.8275 0.4510
v 0.20922 0.07287 0.15947 0.9176 0.8275 0.4510
f 613 614 615
v 0.20922 0.07287 0.15947 0.9176 0.8275 0.4510
v 0.14459 0.09741 0.19292 0.9176 0.8275 0.4510
v 0.13793 0.08286 0.15947 0.9176 0.8275 0.4510
f 616 617 618
v 0.14459 0.09741 0.19292 0.9176 0.8275 0.4510
v 0.05541 0.09741 0.19292 0.9176 0.8275 0.4510
v 0.13793 0.08286 0.15947 0.9176 0.8275 0.4510
f 619 620 621
v 0.13793 0.08286 0.15947 0.9176 0.8275 0.4510
v 0.05541 0.09741 0.19292 0.9176 0.8275 0.4510
v 0.06207 0.08286 0.15947 0.9176 0.8275 0.4510
f 622 623 624
v 0.05541 0.09741 0.19292 0.9176 0.8275 0.4510
v -0.02839 0.08566 0.19292 0.9176 0.8275 0.4510
v 0.06207 0.08286 0.15947 0.9176 0.8275 0.4510
f 625 626 627
v 0.06207 0.08286 0.15947 0.9176 0.8275 0.4510
v -0.02839 0.08566 0.19292 0.9176 0.8275 0.4510
v -0.00922 0.07287 0.15947 0.9176 0.8275 0.4510
f 628 629 630
v -0.02839 0.08566 0.19292 0.9176 0.8275 0.4510
v -0.09671 0.06358 0.19292 0.9176 0.8275 0.4510
v -0.00922 0.07287 0.15947 0.9176 0.8275 0.4510
f 631 632 633
v -0.00922 0.07287 0.15947 0.9176 0.8275 0.4510
v -0.09671 0.06358 0.19292 0.9176 0.8275 0.4510
v -0.06733 0.05408 0.15947 0.9176 0.8275 0.4510
f 634 635 636
v -0.09671 0.06358 0.19292 0.9176 0.8275 0.4510
v -0.14130 0.03383 0.19292 0.9176 0.8275 0.4510
v -0.06733 0.05408 0.15947 0.9176 0.8275 0.4510
f 637 638 639
v -0.06733 0.05408 0.15947 0.9176 0.8275 0.4510
v -0.14130 0.03383 0.19292 0.9176 0.8275 0.4510
v -0.10526 0.02878 0.15947 0.9176 0.8275 0.4510
f 640 641 642
v -0.14130 0.03383 0.19292 0.9176 0.8275 0.4510
v -0.15679 0.00000 0.19292 0.9176 0.8275 0.4510
v -0.10526 0.02878 0.15947 0.9176 0.8275 0.4510
f 643 644 645
v -0.10526 0.02878 0.15947 0.9176 0.8275 0.4510
v -0.15679 0.00000 0.19292 0.9176 0.8275 0.4510
v -0.11843 0.00000 0.15947 0.9176 0.8275 0.4510
f 646 647 648
v -0.15679 0.00000 0.19292 0.9176 0.8275 0.4510
v -0.14130 -0.03383 0.19292 0.9176 0.8275 0.4510
v -0.11843 0.00000 0.15947 0.9176 0.8275 0.4510
f 649 650 651
v -0.11843 0.00000 0.15947 0.9176 0.8275 0.4510
v -0.14130 -0.03383 0.19292 0.9176 0.8275 0.4510
v -0.10526 -0.02878 0.15947 0.9176 0.8275 0.4510
f 652 653 654
v -0.14130 -0.03383 0.19292 0.9176 0.8275 0.4510
v -0.09671 -0.06358 0.19292 0.9176 0.8275 0.4510
v -0.10526 -0.02878 0.15947 0.9176 0.8275 0.4510
f 655 656 657
v -0.10526 -0.02878 0.15947 0.9176 0.8275 0.4510
v -0.09671 -0.06358 0.19292 0.9176 0.8275 0.4510
v -0.06733 -0.05408 0.15947 0.9176 0.8275 0.4510
f 658 659 660
v -0.09671 -0.06358 0.19292 0.9176 0.8275 0.4510
v -0.02839 -0.08566 0.19292 0.9176 0.8275 0.4510
v -0.06733 -0.05408 0.15947 0.9176 0.8275 0.4510
f 661 662 663
v -0.06733 -0.05408 0.15947 0.9176 0.8275 0.4510
v -0.02839 -0.08566 0.19292 0.9176 0.8275 0.4510
v -0.00922 -0.07287 0.15947 0.9176 0.8275 0.4510
f 664 665 666
v -0.02839 -0.08566 0.19292 0.9176 0.8275 0.4510
v 0.05541 -0.09741 0.19292 0.9176 0.8275 0.4510
v -0.00922 -0.07287 0.15947 0.9176 0.8275 0.4510
f 667 668 669
v -0.00922 -0.07287 0.15947 0.9176 0.8275 0.4510
v 0.05541 -0.09741 0.19292 0.9176 0.8275 0.4510
v 0.06207 -0.08286 0.15947 0.9176 0.8275 0.4510
f 670 671 672
v 0.05541 -0.09741 0.19292 0.9176 0.8275 0.4510
v 0.14459 -0.09741 0.19292 0.9176 0.8275 0.4510
v 0.06207 -0.08286 0.15947 0.9176 0.8275 0.4510
f 673 674 675
v 0.06207 -0.08286 0.15947 0.9176 0.8275 0.4510
v 0.14459 -0.09741 0.19292 0.9176 0.8275 0.4510
v 0.13793 -0.08286 0.15947 0.9176 0.8275 0.4510
f 676 677 678
v 0.14459 -0.09741 0.19292 0.9176 0.8275 0.4510
v 0.22839 -0.08566 0.19292 0.9176 0.8275 0.4510
v 0.13793 -0.08286 0.15947 0.9176 0.8275 0.4510
f 679 680 681
v 0.13793 -0.08286 0.15947 0.9176 0.8275 0.4510
v 0.22839 -0.08566 0.19292 0.9176 0.8275 0.4510
v 0.20922 -0.07287 0.15947 0.9176 0.8275 0.4510
f 682 683 684
v 0.22839 -0.08566 0.19292 0.9176 0.8275 0.4510
v 0.29671 -0.06358 0.19292 0.9176 0.8275 0.4510
v 0.20922 -0.07287 0.15947 0.9176 0.8275 0.4510
f 685 686 687
v 0.20922 -0.07287 0.15947 0.9176 0.8275 0.4510
v 0.29671 -0.06358 0.19292 0.9176 0.8275 0.4510
v 0.26733 -0.05408 0.15947 0.9176 0.8275 0.4510
f 688 689 690
v 0.29671 -0.06358 0.19292 0.9176 0.8275 0.4510
v 0.34130 -0.03383 0.19292 0.9176 0.8275 0.4510
v 0.26733 -0.05408 0.15947 0.9176 0.8275 0.4510
f 691 692 693
v 0.26733 -0.05408 0.15947 0.9176 0.8275 0.4510
v 0.34130 -0.03383 0.19292 0.9176 0.8275 0.4510
v 0.30526 -0.02878 0.15947 0.9176 0.8275 0.4510
f 694 695 696
v 0.34130 -0.03383 0.19292 0.9176 0.8275 0.4510
v 0.35679 -0.00000 0.19292 0.9176 0.8275 0.4510
v 0.30526 -0.02878 0.15947 0.9176 0.8275 0.4510
f 697 698 699
v 0.30526 -0.02878 0.15947 0.9176 0.8275 0.4510
v 0.35679 -0.00000 0.19292 0.9176 0.8275 0.4510
v 0.31843 -0.00000 0.15947 0.9176 0.8275 0.4510
f 700 701 702
v 0.31843 0.00000 0.15947 0.9176 0.8275 0.4510
v 0.30526 0.02878 0.15947 0.9176 0.8275 0.4510
v 0.25870 0.00000 0.13292 0.9176 0.8275 0.4510
f 703 704 705
v 0.25870 0.00000 0.13292 0.9176 0.8275 0.4510
v 0.30526 0.02878 0.15947 0.9176 0.8275 0.4510
v 0.24913 0.02091 0.13292 0.9176 0.8275 0.4510
f 706 707 708
v 0.30526 0.02878 0.15947 0.9176 0.8275 0.4510
v 0.26733 0.05408 0.15947 0.9176 0.8275 0.4510
v 0.24913 0.02091 0.13292 0.9176 0.8275 0.4510
f 709 710 711
v 0.24913 0.02091 0.13292 0.9176 0.8275 0.4510
v 0.26733 0.05408 0.15947 0.9176 0.8275 0.4510
v 0.22157 0.03929 0.13292 0.9176 0.8275 0.4510
f 712 713 714
v 0.26733 0.05408 0.15947 0.9176 0.8275 0.4510
v 0.20922 0.07287 0.15947 0.9176 0.8275 0.4510
v 0.22157 0.03929 0.13292 0.9176 0.8275 0.4510
f 715 716 717
v 0.22157 0.03929 0.13292 0.9176 0.8275 0.4510
v 0.20922 0.07287 0.15947 0.9176 0.8275 0.4510
v 0.17935 0.05294 0.13292 0.9176 0.8275 0.4510
f 718 719 720
v 0.20922 0.07287 0.15947 0.9176 0.8275 0.4510
v 0.13793 0.08286 0.15947 0.9176 0.8275 0.4510
v 0.17935 0.05294 0.13292 0.9176 0.8275 0.4510
f 721 722 723
v 0.17935 0.05294 0.13292 0.9176 0.8275 0.4510
v 0.13793 0.08286 0.15947 0.9176 0.8275 0.4510
v 0.12756 0.06020 0.13292 0.9176 0.8275 0.4510
f 724 725 726
v 0.13793 0.08286 0.15947 0.9176 0.8275 0.4510
v 0.06207 0.08286 0.15947 0.9176 0.8275 0.4510
v 0.12756 0.06020 0.13292 0.9176 0.8275 0.4510
f 727 728 729
v 0.12756 0.06020 0.13292 0.9176 0.8275 0.4510
v 0.06207 0.08286 0.15947 0.9176 0.8275 0.4510
v 0.07244 0.06020 0.13292 0.9176 0.8275 0.4510
f 730 731 732
v 0.06207 0.08286 0.15947 0.9176 0.8275 0.4510
v -0.00922 0.07287 0.15947 0.9176 0.8275 0.4510
v 0.07244 0.06020 0.13292 0.9176 0.8275 0.4510
f 733 734 735
v 0.07244 0.06020 0.13292 0.9176 0.8275 0.4510
v -0.00922 0.07287 0.15947 0.9176 0.8275 0.4510
v 0.02065 0.05294 0.13292 0.9176 0.8275 0.4510
f 736 737 738
v -0.00922 0.07287 0.15947 0.9176 0.8275 0.4510
v -0.06733 0.05408 0.15947 0.9176 0.8275 0.4510
v 0.02065 0.05294 0.13292 0.9176 0.8275 0.4510
f 739 740 741
v 0.02065 0.05294 0.13292 0.9176 0.8275 0.4510
v -0.06733 0.05408 0.15947 0.9176 0.8275 0.4510
v -0.02157 0.03929 0.13292 0.9176 0.8275 0.4510
f 742 743 744
v -0.06733 0.05408 0.15947 0.9176 0.8275 0.4510
v -0.10526 0.02878 0.15947 0.9176 0.8275 0.4510
v -0.02157 0.03929 0.13292 0.9176 0.8275 0.4510
f 745 746 747
v -0.02157 0.03929 0.13292 0.9176 0.8275 0.4510
v -0.10526 0.02878 0.15947 0.9176 0.8275 0.4510
v -0.04913 0.02091 0.13292 0.9176 0.8275 0.4510
f 748 749 750
v -0.10526 0.02878 0.15947 0.9176 0.8275 0.4510
v -0.11843 0.00000 0.15947 0.9176 0.8275 0.4510
v -0.04913 0.02091 0.13292 0.9176 0.8275 0.4510
f 751 752 753
v -0.04913 0.02091 0.13292 0.9176 0.8275 0.4510
v -0.11843 0.00000 0.15947 0.9176 0.8275 0.4510
v -0.05870 0.00000 0.13292 0.9176 0.8275 0.4510
f 754 755 756
v -0.11843 0.00000 0.15947 0.9176 0.8275 0.4510
v -0.10526 -0.02878 0.15947 0.9176 0.8275 0.4510
v -0.05870 0.00000 0.13292 0.9176 0.8275 0.4510
f 757 758 759
v -0.05870 0.00000 0.13292 0.9176 0.8275 0.4510
v -0.10526 -0.02878 0.15947 0.9176 0.8275 0.4510
v -0.04913 -0.02091 0.13292 0.9176 0.8275 0.4510
f 760 761 762
v -0.10526 -0.02878 0.15947 0.9176 0.8275 0.4510
v -0.06733 -0.05408 0.15947 0.9176 0.8275 0.4510
v -0.04913 -0.02091 0.13292 0.9176 0.8275 0.4510
f 763 764 765
v -0.04913 -0.02091 0.13292 0.9176 0.8275 0.4510
v -0.06733 -0.05408 0.15947 0.9176 0.8275 0.4510
v -0.02157 -0.03929 0.13292 0.9176 0.8275 0.4510
f 766 767 768
v -0.06733 -0.05408 0.15947 0.9176 0.8275 0.4510
v -0.00922 -0.07287 0.15947 0.9176 0.8275 0.4510
v -0.02157 -0.03929 0.13292 0.9176 0.8275 0.4510
f 769 770 771
v -0.02157 -0.03929 0.13292 0.9176 0.8275 0.4510
v -0.00922 -0.07287 0.15947 0.9176 0.8275 0.4510
v 0.02065 -0.05294 0.13292 0.9176 0.8275 0.4510
f 772 773 774
v -0.00922 -0.07287 0.15947 0.9176 0.8275 0.4510
v 0.06207 -0.08286 0.15947 0.9176 0.8275 0.4510
v 0.02065 -0.05294 0.13292 0.9176 0.8275 0.4510
f 775 776 777
v 0.02065 -0.05294 0.13292 0.9176 0.8275 0.4510
v 0.06207 -0.08286 0.15947 0.9176 0.8275 0.4510
v 0.07244 -0.06020 0.13292 0.9176 0.8275 0.4510
f 778 779 780
v 0.06207 -0.08286 0.15947 0.9176 0.8275 0.4510
v 0.13793 -0.08286 0.15947 0.9176 0.8275 0.4510
v 0.07244 -0.06020 0.13292 0.9176 0.8275 0.4510
f 781 782 783
v 0.07244 -0.06020 0.13292 0.9176 0.8275 0.4510
v 0.13793 -0.08286 0.15947 0.9176 0.8275 0.4510
v 0.12756 -0.06020 0.13292 0.9176 0.8275 0.4510
f 784 785 786
v 0.13793 -0.08286 0.15947 0.9176 0.8275 0.4510
v 0.20922 -0.07287 0.15947 0.9176 0.8275 0.4510
v 0.12756 -0.06020 0.13292 0.9176 0.8275 0.4510
f 787 788 789
v 0.12756 -0.06020 0.13292 0.9176 0.8275 0.4510
v 0.20922 -0.07287 0.15947 0.9176 0.8275 0.4510
v 0.17935 -0.05294 0.13292 0.9176 0.8275 0.4510
f 790 791 792
v 0.20922 -0.07287 0.15947 0.9176 0.8275 0.4510
v 0.26733 -0.05408 0.15947 0.9176 0.8275 0.4510
v 0.17935 -0.05294 0.13292 0.9176 0.8275 0.4510
f 793 794 795
v 0.17935 -0.05294 0.13292 0.9176 0.8275 0.4510
v 0.26733 -0.05408 0.15947 0.9176 0.8275 0.4510
v 0.22157 -0.03929 0.13292 0.9176 0.8275 0.4510
f 796 797 798
v 0.26733 -0.05408 0.15947 0.9176 0.8275 0.4510
v 0.30526 -0.02878 0.15947 0.9176 0.8275 0.4510
v 0.22157 -0.03929 0.13292 0.9176 0.8275 0.4510
f 799 800 801
v 0.22157 -0.03929 0.13292 0.9176 0.8275 0.4510
v 0.30526 -0.02878 0.15947 0.9176 0.8275 0.4510
v 0.24913 -0.02091 0.13292 0.9176 0.8275 0.4510
f 802 803 804
v 0.30526 -0.02878 0.15947 0.9176 0.8275 0.4510
v 0.31843 -0.00000 0.15947 0.9176 0.8275 0.4510
v 0.24913 -0.02091 0.13292 0.9176 0.8275 0.4510
f 805 806 807
v 0.24913 -0.02091 0.13292 0.9176 0.8275 0.4510
v 0.31843 -0.00000 0.15947 0.9176 0.8275 0.4510
v 0.25870 -0.00000 0.13292 0.9176 0.8275 0.4510
f 808 809 810
v 0.25870 0.00000 0.13292 0.9176 0.8275 0.4510
v 0.24913 0.02091 0.13292 0.9176 0.8275 0.4510
v 0.18343 0.00000 0.11587 0.9176 0.8275 0.4510
f 811 812 813
v 0.18343 0.00000 0.11587 0.9176 0.8275 0.4510
v 0.24913 0.02091 0.13292 0.9176 0.8275 0.4510
v 0.17840 0.01099 0.11587 0.9176 0.8275 0.4510
f 814 815 816
v 0.24913 0.02091 0.13292 0.9176 0.8275 0.4510
v 0.22157 0.03929 0.13292 0.9176 0.8275 0.4510
v 0.17840 0.01099 0.11587 0.9176 0.8275 0.4510
f 817 818 819
v 0.17840 0.01099 0.11587 0.9176 0.8275 0.4510
v 0.22157 0.03929 0.13292 0.9176 0.8275 0.4510
v 0.16391 0.02066 0.11587 0.9176 0.8275 0.4510
f 820 821 822
v 0.22157 0.03929 0.13292 0.9176 0.8275 0.4510
v 0.17935 0.05294 0.13292 0.9176 0.8275 0.4510
v 0.16391 0.02066 0.11587 0.9176 0.8275 0.4510
f 823 824 825
v 0.16391 0.02066 0.11587 0.9176 0.8275 0.4510
v 0.17935 0.05294 0.13292 0.9176 0.8275 0.4510
v 0.14172 0.02783 0.11587 0.9176 0.8275 0.4510
f 826 827 828
v 0.17935 0.05294 0.13292 0.9176 0.8275 0.4510
v 0.12756 0.06020 0.13292 0.9176 0.8275 0.4510
v 0.14172 0.02783 0.11587 0.9176 0.8275 0.4510
f 829 830 831
v 0.14172 0.02783 0.11587 0.9176 0.8275 0.4510
v 0.12756 0.06020 0.13292 0.9176 0.8275 0.4510
v 0.11449 0.03165 0.11587 0.9176 0.8275 0.4510
f 832 833 834
v 0.12756 0.06020 0.13292 0.9176 0.8275 0.4510
v 0.07244 0.06020 0.13292 0.9176 0.8275 0.4510
v 0.11449 0.03165 0.11587 0.9176 0.8275 0.4510
f 835 836 837
v 0.11449 0.03165 0.11587 0.9176 0.8275 0.4510
v 0.07244 0.06020 0.13292 0.9176 0.8275 0.4510
v 0.08551 0.03165 0.11587 0.9176 0.8275 0.4510
f 838 839 840
v 0.07244 0.06020 0.13292 0.9176 0.8275 0.4510
v 0.02065 0.05294 0.13292 0.9176 0.8275 0.4510
v 0.08551 0.03165 0.11587 0.9176 0.8275 0.4510
f 841 842 843
v 0.08551 0.03165 0.11587 0.9176 0.8275 0.4510
v 0.02065 0.05294 0.13292 0.9176 0.8275 0.4510
v 0.05828 0.02783 0.11587 0.9176 0.8275 0.4510
f 844 845 846
v 0.02065 0.05294 0.13292 0.9176 0.8275 0.4510
v -0.02157 0.03929 0.13292 0.9176 0.8275 0.4510
v 0.05828 0.02783 0.11587 0.9176 0.8275 0.4510
f 847 848 849
v 0.05828 0.02783 0.11587 0.9176 0.8275 0.4510
v -0.02157 0.03929 0.13292 0.9176 0.8275 0.4510
v 0.03609 0.02066 0.11587 0.9176 0.8275 0.4510
f 850 851 852
v -0.02157 0.03929 0.13292 0.9176 0.8275 0.4510
v -0.04913 0.02091 0.13292 0.9176 0.8275 0.4510
v 0.03609 0.02066 0.11587 0.9176 0.8275 0.4510
f 853 854 855
v 0.03609 0.02066 0.11587 0.9176 0.8275 0.4510
v -0.04913 0.02091 0.13292 0.9176 0.8275 0.4510
v 0.02160 0.01099 0.11587 0.9176 0.8275 0.4510
f 856 857 858
v -0.04913 0.02091 0.13292 0.9176 0.8275 0.4510
v -0.05870 0.00000 0.13292 0.9176 0.8275 0.4510
v 0.02160 0.01099 0.11587 0.9176 0.8275 0.4510
f 859 860 861
v 0.02160 0.01099 0.11587 0.9176 0.8275 0.4510
v -0.05870 0.00000 0.13292 0.9176 0.8275 0.4510
v 0.01657 0.00000 0.11587 0.9176 0.8275 0.4510
f 862 863 864
v -0.05870 0.00000 0.13292 0.9176 0.8275 0.4510
v -0.04913 -0.02091 0.13292 0.9176 0.8275 0.4510
v 0.01657 0.00000 0.11587 0.9176 0.8275 0.4510
f 865 866 867
v 0.01657 0.00000 0.11587 0.9176 0.8275 0.4510
v -0.04913 -0.02091 0.13292 0.9176 0.8275 0.4510
v 0.02160 -0.01099 0.11587 0.9176 0.8275 0.4510
f 868 869 870
v -0.04913 -0.02091 0.13292 0.9176 0.8275 0.4510
v -0.02157 -0.03929 0.13292 0.9176 0.8275 0.4510
v 0.02160 -0.01099 0.11587 0.9176 0.8275 0.4510
f 871 872 873
v 0.02160 -0.01099 0.11587 0.9176 0.8275 0.4510
v -0.02157 -0.03929 0.13292 0.9176 0.8275 0.4510
v 0.03609 -0.02066 0.11587 0.9176 0.8275 0.4510
f 874 875 876
v -0.02157 -0.03929 0.13292 0.9176 0.8275 0.4510
v 0.02065 -0.05294 0.13292 0.9176 0.8275 0.4510
v 0.03609 -0.02066 0.11587 0.9176 0.8275 0.4510
f 877 878 879
v 0.03609 -0.02066 0.11587 0.9176 0.8275 0.4510
v 0.02065 -0.05294 0.13292 0.9176 0.8275 0.4510
v 0.05828 -0.02783 0.11587 0.9176 0.8275 0.4510
f 880 881 882
v 0.02065 -0.05294 0.13292 0.9176 0.8275 0.4510
v 0.07244 -0.06020 0.13292 0.9176 0.8275 0.4510
v 0.05828 -0.02783 0.11587 0.9176 0.8275 0.4510
f 883 884 885
v 0.05828 -0.02783 0.11587 0.9176 0.8275 0.4510
v 0.07244 -0.06020 0.13292 0.9176 0.8275 0.4510
v 0.08551 -0.03165 0.11587 0.9176 0.8275 0.4510
f 886 887 888
v 0.07244 -0.06020 0.13292 0.9176 0.8275 0.4510
v 0.12756 -0.06020 0.13292 0.9176 0.8275 0.4510
v 0.08551 -0.03165 0.11587 0.9176 0.8275 0.4510
f 889 890 891
v 0.08551 -0.03165 0.11587 0.9176 0.8275 0.4510
v 0.12756 -0.06020 0.13292 0.9176 0.8275 0.4510
v 0.11449 -0.03165 0.11587 0.9176 0.8275 0.4510
f 892 893 894
v 0.12756 -0.06020 0.13292 0.9176 0.8275 0.4510
v 0.17935 -0.05294 0.13292 0.9176 0.8275 0.4510
v 0.11449 -0.03165 0.11587 0.9176 0.8275 0.4510
f 895 896 897
v 0.11449 -0.03165 0.11587 0.9176 0.8275 0.4510
v 0.17935 -0.05294 0.13292 0.9176 0.8275 0.4510
v 0.14172 -0.02783 0.11587 0.9176 0.8275 0.4510
f 898 899 900
v 0.17935 -0.05294 0.13292 0.9176 0.8275 0.4510
v 0.22157 -0.03929 0.13292 0.9176 0.8275 0.4510
v 0.14172 -0.02783 0.11587 0.9176 0.8275 0.4510
f 901 902 903
v 0.14172 -0.02783 0.11587 0.9176 0.8275 0.4510
v 0.22157 -0.03929 0.13292 0.9176 0.8275 0.4510
v 0.16391 -0.02066 0.11587 0.9176 0.8275 0.4510
f 904 905 906
v 0.22157 -0.03929 0.13292 0.9176 0.8275 0.4510
v 0.24913 -0.02091 0.13292 0.9176 0.8275 0.4510
v 0.16391 -0.02066 0.11587 0.9176 0.8275 0.4510
f 907 908 909
v 0.16391 -0.02066 0.11587 0.9176 0.8275 0.4510
v 0.24913 -0.02091 0.13292 0.9176 0.8275 0.4510
v 0.17840 -0.01099 0.11587 0.9176 0.8275 0.4510
f 910 911 912
v 0.24913 -0.02091 0.13292 0.9176 0.8275 0.4510
v 0.25870 -0.00000 0.13292 0.9176 0.8275 0.4510
v 0.17840 -0.01099 0.11587 0.9176 0.8275 0.4510
f 913 914 915
v 0.17840 -0.01099 0.11587 0.9176 0.8275 0.4510
v 0.25870 -0.00000 0.13292 0.9176 0.8275 0.4510
v 0.18343 -0.00000 0.11587 0.9176 0.8275 0.4510
f 916 917 918
v 0.18343 0.00000 0.11587 0.9176 0.8275 0.4510
v 0.17840 0.01099 0.11587 0.9176 0.8275 0.4510
v 0.10000 0.00000 0.11000 0.9176 0.8275 0.4510
f 919 920 921
v 0.17840 0.01099 0.11587 0.9176 0.8275 0.4510
v 0.16391 0.02066 0.11587 0.9176 0.8275 0.4510
v 0.10000 0.00000 0.11000 0.9176 0.8275 0.4510
f 922 923 924
v 0.16391 0.02066 0.11587 0.9176 0.8275 0.4510
v 0.14172 0.02783 0.11587 0.9176 0.8275 0.4510
v 0.10000 0.00000 0.11000 0.9176 0.8275 0.4510
f 925 926 927
v 0.14172 0.02783 0.11587 0.9176 0.8275 0.4510
v 0.11449 0.03165 0.11587 0.9176 0.8275 0.4510
v 0.10000 0.00000 0.11000 0.9176 0.8275 0.4510
f 928 929 930
v 0.11449 0.03165 0.11587 0.9176 0.8275 0.4510
v 0.08551 0.03165 0.11587 0.9176 0.8275 0.4510
v 0.10000 0.00000 0.11000 0.9176 0.8275 0.4510
f 931 932 933
v 0.08551 0.03165 0.11587 0.9176 0.8275 0.4510
v 0.05828 0.02783 0.11587 0.9176 0.8275 0.4510
v 0.10000 0.00000 0.11000 0.9176 0.8275 0.4510
f 934 935 936
v 0.05828 0.02783 0.11587 0.9176 0.8275 0.4510
v 0.03609 0.02066 0.11587 0.9176 0.8275 0.4510
v 0.10000 0.00000 0.11000 0.9176 0.8275 0.4510
f 937 938 939
v 0.03609 0.02066 0.11587 0.9176 0.8275 0.4510
v 0.02160 0.01099 0.11587 0.9176 0.8275 0.4510
v 0.10000 0.00000 0.11000 0.9176 0.8275 0.4510
f 940 941 942
v 0.02160 0.01099 0.11587 0.9176 0.8275 0.4510
v 0.01657 0.00000 0.11587 0.9176 0.8275 0.4510
v 0.10000 0.00000 0.11000 0.9176 0.8275 0.4510
f 943 944 945
v 0.01657 0.00000 0.11587 0.9176 0.8275 0.4510
v 0.02160 -0.01099 0.11587 0.9176 0.8275 0.4510
v 0.10000 0.00000 0.11000 0.9176 0.8275 0.4510
f 946 947 948
v 0.02160 -0.01099 0.11587 0.9176 0.8275 0.4510
v 0.03609 -0.02066 0.11587 0.9176 0.8275 0.4510
v 0.10000 -0.00000 0.11000 0.9176 0.8275 0.4510
f 949 950 951
v 0.03609 -0.02066 0.11587 0.9176 0.8275 0.4510
v 0.05828 -0.02783 0.11587 0.9176 0.8275 0.4510
v 0.10000 -0.00000 0.11000 0.9176 0.8275 0.4510
f 952 953 954
v 0.05828 -0.02783 0.11587 0.9176 0.8275 0.4510
v 0.08551 -0.03165 0.11587 0.9176 0.8275 0.4510
v 0.10000 -0.00000 0.11000 0.9176 0.8275 0.4510
f 955 956 957
v 0.08551 -0.03165 0.11587 0.9176 0.8275 0.4510
v 0.11449 -0.03165 0.11587 0.9176 0.8275 0.4510
v 0.10000 -0.00000 0.11000 0.9176 0.8275 0.4510
f 958 959 960
v 0.11449 -0.03165 0.11587 0.9176 0.8275 0.4510
v 0.14172 -0.02783 0.11587 0.9176 0.8275 0.4510
v 0.10000 -0.00000 0.11000 0.9176 0.8275 0.4510
f 961 962 963
v 0.14172 -0.02783 0.11587 0.9176 0.8275 0.4510
v 0.16391 -0.02066 0.11587 0.9176 0.8275 0.4510
v 0.10000 -0.00000 0.11000 0.9176 0.8275 0.4510
f 964 965 966
v 0.16391 -0.02066 0.11587 0.9176 0.8275 0.4510
v 0.17840 -0.01099 0.11587 0.9176 0.8275 0.4510
v 0.10000 -0.00000 0.11000 0.9176 0.8275 0.4510
f 967 968 969
v 0.17840 -0.01099 0.11587 0.9176 0.8275 0.4510
v 0.18343 -0.00000 0.11587 0.9176 0.8275 0.4510
v 0.10000 -0.00000 0.11000 0.9176 0.8275 0.4510
f 970 971 972
v 0.21557 -0.07696 0.27663 0.1373 0.1529 0.1451
v 0.21060 -0.07696 0.27800 0.1373 0.1529 0.1451
v 0.21491 -0.07505 0.27663 0.1373 0.1529 0.1451
f 973 974 975
v 0.21491 -0.07505 0.27663 0.1373 0.1529 0.1451
v 0.21060 -0.07696 0.27800 0.1373 0.1529 0.1451
v 0.21309 -0.07365 0.27663 0.1373 0.1529 0.1451
f 976 977 978
v 0.21309 -0.07365 0.27663 0.1373 0.1529 0.1451
v 0.21060 -0.07696 0.27800 0.1373 0.1529 0.1451
v 0.21060 -0.07313 0.27663 0.1373 0.1529 0.1451
f 979 980 981
v 0.21060 -0.07313 0.27663 0.1373 0.1529 0.1451
v 0.21060 -0.07696 0.27800 0.1373 0.1529 0.1451
v 0.20811 -0.07365 0.27663 0.1373 0.1529 0.1451
f 982 983 984
v 0.20811 -0.07365 0.27663 0.1373 0.1529 0.1451
v 0.21060 -0.07696 0.27800 0.1373 0.1529 0.1451
v 0.20629 -0.07505 0.27663 0.1373 0.1529 0.1451
f 985 986 987
v 0.20629 -0.07505 0.27663 0.1373 0.1529 0.1451
v 0.21060 -0.07696 0.27800 0.1373 0.1529 0.1451
v 0.20563 -0.07696 0.27663 0.1373 0.1529 0.1451
f 988 989 990
v 0.20563 -0.07696 0.27663 0.1373 0.1529 0.1451
v 0.21060 -0.07696 0.27800 0.1373 0.1529 0.1451
v 0.20629 -0.07887 0.27663 0.1373 0.1529 0.1451
f 991 992 993
v 0.20629 -0.07887 0.27663 0.1373 0.1529 0.1451
v 0.21060 -0.07696 0.27800 0.1373 0.1529 0.1451
v 0.20811 -0.08027 0.27663 0.1373 0.1529 0.1451
f 994 995 996
v 0.20811 -0.08027 0.27663 0.1373 0.1529 0.1451
v 0.21060 -0.07696 0.27800 0.1373 0.1529 0.1451
v 0.21060 -0.08079 0.27663 0.1373 0.1529 0.1451
f 997 998 999
v 0.21060 -0.08079 0.27663 0.1373 0.1529 0.1451
v 0.21060 -0.07696 0.27800 0.1373 0.1529 0.1451
v 0.21309 -0.08027 0.27663 0.1373 0.1529 0.1451
f 1000 1001 1002
v 0.21309 -0.08027 0.27663 0.1373 0.1529 0.1451
v 0.21060 -0.07696 0.27800 0.1373 0.1529 0.1451
v 0.21491 -0.07887 0.27663 0.1373 0.1529 0.1451
f 1003 1004 1005
v 0.21491 -0.07887 0.27663 0.1373 0.1529 0.1451
v 0.21060 -0.07696 0.27800 0.1373 0.1529 0.1451
v 0.21557 -0.07696 0.27663 0.1373 0.1529 0.1451
f 1006 1007 1008
v 0.21557 -0.07696 0.27663 0.1373 0.1529 0.1451
v 0.21491 -0.07505 0.27663 0.1373 0.1529 0.1451
v 0.21979 -0.07696 0.27273 0.1373 0.1529 0.1451
f 1009 1010 1011
v 0.21979 -0.07696 0.27273 0.1373 0.1529 0.1451
v 0.21491 -0.07505 0.27663 0.1373 0.1529 0.1451
v 0.21856 -0.07342 0.27273 0.1373 0.1529 0.1451
f 1012 1013 1014
v 0.21491 -0.07505 0.27663 0.1373 0.1529 0.1451
v 0.21309 -0.07365 0.27663 0.1373 0.1529 0.1451
v 0.21856 -0.07342 0.27273 0.1373 0.1529 0.1451
f 1015 1016 1017
v 0.21856 -0.07342 0.27273 0.1373 0.1529 0.1451
v 0.21309 -0.07365 0.27663 0.1373 0.1529 0.1451
v 0.21520 -0.07084 0.27273 0.1373 0.1529 0.1451
f 1018 1019 1020
v 0.21309 -0.07365 0.27663 0.1373 0.1529 0.1451
v 0.21060 -0.07313 0.27663 0.1373 0.1529 0.1451
v 0.21520 -0.07084 0.27273 0.1373 0.1529 0.1451
f 1021 1022 1023
v 0.21520 -0.07084 0.27273 0.1373 0.1529 0.1451
v 0.21060 -0.07313 0.27663 0.1373 0.1529 0.1451
v 0.21060 -0.06989 0.27273 0.1373 0.1529 0.1451
f 1024 1025 1026
v 0.21060 -0.07313 0.27663 0.1373 0.1529 0.1451
v 0.20811 -0.07365 0.27663 0.1373 0.1529 0.1451
v 0.21060 -0.06989 0.27273 0.1373 0.1529 0.1451
f 1027 1028 1029
v 0.21060 -0.06989 0.27273 0.1373 0.1529 0.1451
v 0.20811 -0.07365 0.27663 0.1373 0.1529 0.1451
v 0.20600 -0.07084 0.27273 0.1373 0.1529 0.1451
f 1030 1031 1032
v 0.20811 -0.07365 0.27663 0.1373 0.1529 0.1451
v 0.20629 -0.07505 0.27663 0.1373 0.1529 0.1451
v 0.20600 -0.07084 0.27273 0.1373 0.1529 0.1451
f 1033 1034 1035
v 0.20600 -0.07084 0.27273 0.1373 0.1529 0.1451
v 0.20629 -0.07505 0.27663 0.1373 0.1529 0.1451
v 0.20264 -0.07342 0.27273 0.1373 0.1529 0.1451
f 1036 1037 1038
v 0.20629 -0.07505 0.27663 0.1373 0.1529 0.1451
v 0.20563 -0.07696 0.27663 0.1373 0.1529 0.1451
v 0.20264 -0.07342 0.27273 0.1373 0.1529 0.1451
f 1039 1040 1041
v 0.20264 -0.07342 0.27273 0.1373 0.1529 0.1451
v 0.20563 -0.07696 0.27663 0.1373 0.1529 0.1451
v 0.20141 -0.07696 0.27273 0.1373 0.1529 0.1451
f 1042 1043 1044
v 0.20563 -0.07696 0.27663 0.1373 0.1529 0.1451
v 0.20629 -0.07887 0.27663 0.1373 0.1529 0.1451
v 0.20141 -0.07696 0.27273 0.1373 0.1529 0.1451
f 1045 1046 1047
v 0.20141 -0.07696 0.27273 0.1373 0.1529 0.1451
v 0.20629 -0.07887 0.27663 0.1373 0.1529 0.1451
v 0.20264 -0.08050 0.27273 0.1373 0.1529 0.1451
f 1048 1049 1050
v 0.20629 -0.07887 0.27663 0.1373 0.1529 0.1451
v 0.20811 -0.08027 0.27663 0.1373 0.1529 0.1451
v 0.20264 -0.08050 0.27273 0.1373 0.1529 0.1451
f 1051 1052 1053
v 0.20264 -0.08050 0.27273 0.1373 0.1529 0.1451
v 0.20811 -0.08027 0.27663 0.1373 0.1529 0.1451
v 0.20600 -0.08308 0.27273 0.1373 0.1529 0.1451
f 1054 1055 1056
v 0.20811 -0.08027 0.27663 0.1373 0.1529 0.1451
v 0.21060 -0.08079 0.27663 0.1373 0.1529 0.1451
v 0.20600 -0.08308 0.27273 0.1373 0.1529 0.1451
f 1057 1058 1059
v 0.20600 -0.08308 0.27273 0.1373 0.1529 0.1451
v 0.21060 -0.08079 0.27663 0.1373 0.1529 0.1451
v 0.21060 -0.08403 0.27273 0.1373 0.1529 0.1451
f 1060 1061 1062
v 0.21060 -0.08079 0.27663 0.1373 0.1529 0.1451
v 0.21309 -0.08027 0.27663 0.1373 0.1529 0.1451
v 0.21060 -0.08403 0.27273 0.1373 0.1529 0.1451
f 1063 1064 1065
v 0.21060 -0.08403 0.27273 0.1373 0.1529 0.1451
v 0.21309 -0.08027 0.27663 0.1373 0.1529 0.1451
v 0.21520 -0.08308 0.27273 0.1373 0.1529 0.1451
f 1066 1067 1068
v 0.21309 -0.08027 0.27663 0.1373 0.1529 0.1451
v 0.21491 -0.07887 0.27663 0.1373 0.1529 0.1451
v 0.21520 -0.08308 0.27273 0.1373 0.1529 0.1451
f 1069 1070 1071
v 0.21520 -0.08308 0.27273 0.1373 0.1529 0.1451
v 0.21491 -0.07887 0.27663 0.1373 0.1529 0.1451
v 0.21856 -0.08050 0.27273 0.1373 0.1529 0.1451
f 1072 1073 1074
v 0.21491 -0.07887 0.27663 0.1373 0.1529 0.1451
v 0.21557 -0.07696 0.27663 0.1373 0.1529 0.1451
v 0.21856 -0.08050 0.27273 0.1373 0.1529 0.1451
f 1075 1076 1077
v 0.21856 -0.08050 0.27273 0.1373 0.1529 0.1451
v 0.21557 -0.07696 0.27663 0.1373 0.1529 0.1451
v 0.21979 -0.07696 0.27273 0.1373 0.1529 0.1451
f 1078 1079 1080
v 0.21979 -0.07696 0.27273 0.1373 0.1529 0.1451
v 0.21856 -0.07342 0.27273 0.1373 0.1529 0.1451
v 0.22261 -0.07696 0.26689 0.1373 0.1529 0.1451
f 1081 1082 1083
v 0.22261 -0.07696 0.26689 0.1373 0.1529 0.1451
v 0.21856 -0.07342 0.27273 0.1373 0.1529 0.1451
v 0.22100 -0.07234 0.26689 0.1373 0.1529 0.1451
f 1084 1085 1086
v 0.21856 -0.07342 0.27273 0.1373 0.1529 0.1451
v 0.21520 -0.07084 0.27273 0.1373 0.1529 0.1451
v 0.22100 -0.07234 0.26689 0.1373 0.1529 0.1451
f 1087 1088 1089
v 0.22100 -0.07234 0.26689 0.1373 0.1529 0.1451
v 0.21520 -0.07084 0.27273 0.1373 0.1529 0.1451
v 0.21661 -0.06896 0.26689 0.1373 0.1529 0.1451
f 1090 1091 1092
v 0.21520 -0.07084 0.27273 0.1373 0.1529 0.1451
v 0.21060 -0.06989 0.27273 0.1373 0.1529 0.1451
v 0.21661 -0.06896 0.26689 0.1373 0.1529 0.1451
f 1093 1094 1095
v 0.21661 -0.06896 0.26689 0.1373 0.1529 0.1451
v 0.21060 -0.06989 0.27273 0.1373 0.1529 0.1451
v 0.21060 -0.06772 0.26689 0.1373 0.1529 0.1451
f 1096 1097 1098
v 0.21060 -0.06989 0.27273 0.1373 0.1529 0.1451
v 0.20600 -0.07084 0.27273 0.1373 0.1529 0.1451
v 0.21060 -0.06772 0.26689 0.1373 0.1529 0.1451
f 1099 1100 1101
v 0.21060 -0.06772 0.26689 0.1373 0.1529 0.1451
v 0.20600 -0.07084 0.27273 0.1373 0.1529 0.1451
v 0.20459 -0.06896 0.26689 0.1373 0.1529 0.1451
f 1102 1103 1104
v 0.20600 -0.07084 0.27273 0.1373 0.1529 0.1451
v 0.20264 -0.07342 0.27273 0.1373 0.1529 0.1451
v 0.20459 -0.06896 0.26689 0.1373 0.1529 0.1451
f 1105 1106 1107
v 0.20459 -0.06896 0.26689 0.1373 0.1529 0.1451
v 0.20264 -0.07342 0.27273 0.1373 0.1529 0.1451
v 0.20020 -0.07234 0.26689 0.1373 0.1529 0.1451
f 1108 1109 1110
v 0.20264 -0.07342 0.27273 0.1373 0.1529 0.1451
v 0.20141 -0.07696 0.27273 0.1373 0.1529 0.1451
v 0.20020 -0.07234 0.26689 0.1373 0.1529 0.1451
f 1111 1112 1113
v 0.20020 -0.07234 0.26689 0.1373 0.1529 0.1451
v 0.20141 -0.07696 0.27273 0.1373 0.1529 0.1451
v 0.19859 -0.07696 0.26689 0.1373 0.1529 0.1451
f 1114 1115 1116
v 0.20141 -0.07696 0.27273 0.1373 0.1529 0.1451
v 0.20264 -0.08050 0.27273 0.1373 0.1529 0.1451
v 0.19859 -0.07696 0.26689 0.1373 0.1529 0.1451
f 1117 1118 1119
v 0.19859 -0.07696 0.26689 0.1373 0.1529 0.1451
v 0.20264 -0.08050 0.27273 0.1373 0.1529 0.1451
v 0.20020 -0.08158 0.26689 0.1373 0.1529 0.1451
f 1120 1121 1122
v 0.20264 -0.08050 0.27273 0.1373 0.1529 0.1451
v 0.20600 -0.08308 0.27273 0.1373 0.1529 0.1451
v 0.20020 -0.08158 0.26689 0.1373 0.1529 0.1451
f 1123 1124 1125
v 0.20020 -0.08158 0.26689 0.1373 0.1529 0.1451
v 0.20600 -0.08308 0.27273 0.1373 0.1529 0.1451
v 0.20459 -0.08496 0.26689 0.1373 0.1529 0.1451
f 1126 1127 1128
v 0.20600 -0.08308 0.27273 0.1373 0.1529 0.1451
v 0.21060 -0.08403 0.27273 0.1373 0.1529 0.1451
v 0.20459 -0.08496 0.26689 0.1373 0.1529 0.1451
f 1129 1130 1131
v 0.20459 -0.08496 0.26689 0.1373 0.1529 0.1451
v 0.21060 -0.08403 0.27273 0.1373 0.1529 0.1451
v 0.21060 -0.08620 0.26689 0.1373 0.1529 0.1451
f 1132 1133 1134
v 0.21060 -0.08403 0.27273 0.1373 0.1529 0.1451
v 0.21520 -0.08308 0.27273 0.1373 0.1529 0.1451
v 0.21060 -0.08620 0.26689 0.1373 0.1529 0.1451
f 1135 1136 1137
v 0.21060 -0.08620 0.26689 0.1373 0.1529 0.1451
v 0.21520 -0.08308 0.27273 0.1373 0.1529 0.1451
v 0.21661 -0.08496 0.26689 0.1373 0.1529 0.1451
f 1138 1139 1140
v 0.21520 -0.08308 0.27273 0.1373 0.1529 0.1451
v 0.21856 -0.08050 0.27273 0.1373 0.1529 0.1451
v 0.21661 -0.08496 0.26689 0.1373 0.1529 0.1451
f 1141 1142 1143
v 0.21661 -0.08496 0.26689 0.1373 0.1529 0.1451
v 0.21856 -0.08050 0.27273 0.1373 0.1529 0.1451
v 0.22100 -0.08158 0.26689 0.1373 0.1529 0.1451
f 1144 1145 1146
v 0.21856 -0.08050 0.27273 0.1373 0.1529 0.1451
v 0.21979 -0.07696 0.27273 0.1373 0.1529 0.1451
v 0.22100 -0.08158 0.26689 0.1373 0.1529 0.1451
f 1147 1148 1149
v 0.22100 -0.08158 0.26689 0.1373 0.1529 0.1451
v 0.21979 -0.07696 0.27273 0.1373 0.1529 0.1451
v 0.22261 -0.07696 0.26689 0.1373 0.1529 0.1451
f 1150 1151 1152
v 0.22261 -0.07696 0.26689 0.1373 0.1529 0.1451
v 0.22100 -0.07234 0.26689 0.1373 0.1529 0.1451
v 0.22360 -0.07696 0.26000 0.1373 0.1529 0.1451
f 1153 1154 1155
v 0.22360 -0.07696 0.26000 0.1373 0.1529 0.1451
v 0.22100 -0.07234 0.26689 0.1373 0.1529 0.1451
v 0.22186 -0.07196 0.26000 0.1373 0.1529 0.1451
f 1156 1157 1158
v 0.22100 -0.07234 0.26689 0.1373 0.1529 0.1451
v 0.21661 -0.06896 0.26689 0.1373 0.1529 0.1451
v 0.22186 -0.07196 0.26000 0.1373 0.1529 0.1451
f 1159 1160 1161
v 0.22186 -0.07196 0.26000 0.1373 0.1529 0.1451
v 0.21661 -0.06896 0.26689 0.1373 0.1529 0.1451
v 0.21710 -0.06830 0.26000 0.1373 0.1529 0.1451
f 1162 1163 1164
v 0.21661 -0.06896 0.26689 0.1373 0.1529 0.1451
v 0.21060 -0.06772 0.26689 0.1373 0.1529 0.1451
v 0.21710 -0.06830 0.26000 0.1373 0.1529 0.1451
f 1165 1166 1167
v 0.21710 -0.06830 0.26000 0.1373 0.1529 0.1451
v 0.21060 -0.06772 0.26689 0.1373 0.1529 0.1451
v 0.21060 -0.06696 0.26000 0.1373 0.1529 0.1451
f 1168 1169 1170
v 0.21060 -0.06772 0.26689 0.1373 0.1529 0.1451
v 0.20459 -0.06896 0.26689 0.1373 0.1529 0.1451
v 0.21060 -0.06696 0.26000 0.1373 0.1529 0.1451
f 1171 1172 1173
v 0.21060 -0.06696 0.26000 0.1373 0.1529 0.1451
v 0.20459 -0.06896 0.26689 0.1373 0.1529 0.1451
v 0.20410 -0.06830 0.26000 0.1373 0.1529 0.1451
f 1174 1175 1176
v 0.20459 -0.06896 0.26689 0.1373 0.1529 0.1451
v 0.20020 -0.07234 0.26689 0.1373 0.1529 0.1451
v 0.20410 -0.06830 0.26000 0.1373 0.1529 0.1451
f 1177 1178 1179
v 0.20410 -0.06830 0.26000 0.1373 0.1529 0.1451
v 0.20020 -0.07234 0.26689 0.1373 0.1529 0.1451
v 0.19934 -0.07196 0.26000 0.1373 0.1529 0.1451
f 1180 1181 1182
v 0.20020 -0.07234 0.26689 0.1373 0.1529 0.1451
v 0.19859 -0.07696 0.26689 0.1373 0.1529 0.1451
v 0.19934 -0.07196 0.26000 0.1373 0.1529 0.1451
f 1183 1184 1185
v 0.19934 -0.07196 0.26000 0.1373 0.1529 0.1451
v 0.19859 -0.07696 0.26689 0.1373 0.1529 0.1451
v 0.19760 -0.07696 0.26000 0.1373 0.1529 0.1451
f 1186 1187 1188
v 0.19859 -0.07696 0.26689 0.1373 0.1529 0.1451
v 0.20020 -0.08158 0.26689 0.1373 0.1529 0.1451
v 0.19760 -0.07696 0.26000 0.1373 0.1529 0.1451
f 1189 1190 1191
v 0.19760 -0.07696 0.26000 0.1373 0.1529 0.1451
v 0.20020 -0.08158 0.26689 0.1373 0.1529 0.1451
v 0.19934 -0.08196 0.26000 0.1373 0.1529 0.1451
f 1192 1193 1194
v 0.20020 -0.08158 0.26689 0.1373 0.1529 0.1451
v 0.20459 -0.08496 0.26689 0.1373 0.1529 0.1451
v 0.19934 -0.08196 0.26000 0.1373 0.1529 0.1451
f 1195 1196 1197
v 0.19934 -0.08196 0.26000 0.1373 0.1529 0.1451
v 0.20459 -0.08496 0.26689 0.1373 0.1529 0.1451
v 0.20410 -0.08562 0.26000 0.1373 0.1529 0.1451
f 1198 1199 1200
v 0.20459 -0.08496 0.26689 0.1373 0.1529 0.1451
v 0.21060 -0.08620 0.26689 0.1373 0.1529 0.1451
v 0.20410 -0.08562 0.26000 0.1373 0.1529 0.1451
f 1201 1202 1203
v 0.20410 -0.08562 0.26000 0.1373 0.1529 0.1451
v 0.21060 -0.08620 0.26689 0.1373 0.1529 0.1451
v 0.21060 -0.08696 0.26000 0.1373 0.1529 0.1451
f 1204 1205 1206
v 0.21060 -0.08620 0.26689 0.1373 0.1529 0.1451
v 0.21661 -0.08496 0.26689 0.1373 0.1529 0.1451
v 0.21060 -0.08696 0.26000 0.1373 0.1529 0.1451
f 1207 1208 1209
v 0.21060 -0.08696 0.26000 0.1373 0.1529 0.1451
v 0.21661 -0.08496 0.26689 0.1373 0.1529 0.1451
v 0.21710 -0.08562 0.26000 0.1373 0.1529 0.1451
f 1210 1211 1212
v 0.21661 -0.08496 0.26689 0.1373 0.1529 0.1451
v 0.22100 -0.08158 0.26689 0.1373 0.1529 0.1451
v 0.21710 -0.08562 0.26000 0.1373 0.1529 0.1451
f 1213 1214 1215
v 0.21710 -0.08562 0.26000 0.1373 0.1529 0.1451
v 0.22100 -0.08158 0.26689 0.1373 0.1529 0.1451
v 0.22186 -0.08196 0.26000 0.1373 0.1529 0.1451
f 1216 1217 1218
v 0.22100 -0.08158 0.26689 0.1373 0.1529 0.1451
v 0.22261 -0.07696 0.26689 0.1373 0.1529 0.1451
v 0.22186 -0.08196 0.26000 0.1373 0.1529 0.1451
f 1219 1220 1221
v 0.22186 -0.08196 0.26000 0.1373 0.1529 0.1451
v 0.22261 -0.07696 0.26689 0.1373 0.1529 0.1451
v 0.22360 -0.07696 0.26000 0.1373 0.1529 0.1451
f 1222 1223 1224
v 0.22360 -0.07696 0.26000 0.1373 0.1529 0.1451
v 0.22186 -0.07196 0.26000 0.1373 0.1529 0.1451
v 0.22261 -0.07696 0.25311 0.1373 0.1529 0.1451
f 1225 1226 1227
v 0.22261 -0.07696 0.25311 0.1373 0.1529 0.1451
v 0.22186 -0.07196 0.26000 0.1373 0.1529 0.1451
v 0.22100 -0.07234 0.25311 0.1373 0.1529 0.1451
f 1228 1229 1230
v 0.22186 -0.07196 0.26000 0.1373 0.1529 0.1451
v 0.21710 -0.06830 0.26000 0.1373 0.1529 0.1451
v 0.22100 -0.07234 0.25311 0.1373 0.1529 0.1451
f 1231 1232 1233
v 0.22100 -0.07234 0.25311 0.1373 0.1529 0.1451
v 0.21710 -0.06830 0.26000 0.1373 0.1529 0.1451
v 0.21661 -0.06896 0.25311 0.1373 0.1529 0.1451
f 1234 1235 1236
v 0.21710 -0.06830 0.26000 0.1373 0.1529 0.1451
v 0.21060 -0.06696 0.26000 0.1373 0.1529 0.1451
v 0.21661 -0.06896 0.25311 0.1373 0.1529 0.1451
f 1237 1238 1239
v 0.21661 -0.06896 0.25311 0.1373 0.1529 0.1451
v 0.21060 -0.06696 0.26000 0.1373 0.1529 0.1451
v 0.21060 -0.06772 0.25311 0.1373 0.1529 0.1451
f 1240 1241 1242
v 0.21060 -0.06696 0.26000 0.1373 0.1529 0.1451
v 0.20410 -0.06830 0.26000 0.1373 0.1529 0.1451
v 0.21060 -0.06772 0.25311 0.1373 0.1529 0.1451
f 1243 1244 1245
v 0.21060 -0.06772 0.25311 0.1373 0.1529 0.1451
v 0.20410 -0.06830 0.26000 0.1373 0.1529 0.1451
v 0.20459 -0.06896 0.25311 0.1373 0.1529 0.1451
f 1246 1247 1248
v 0.20410 -0.06830 0.26000 0.1373 0.1529 0.1451
v 0.19934 -0.07196 0.26000 0.1373 0.1529 0.1451
v 0.20459 -0.06896 0.25311 0.1373 0.1529 0.1451
f 1249 1250 1251
v 0.20459 -0.06896 0.25311 0.1373 0.1529 0.1451
v 0.19934 -0.07196 0.26000 0.1373 0.1529 0.1451
v 0.20020 -0.07234 0.25311 0.1373 0.1529 0.1451
f 1252 1253 1254
v 0.19934 -0.07196 0.26000 0.1373 0.1529 0.1451
v 0.19760 -0.07696 0.26000 0.1373 0.1529 0.1451
v 0.20020 -0.07234 0.25311 0.1373 0.1529 0.1451
f 1255 1256 1257
v 0.20020 -0.07234 0.25311 0.1373 0.1529 0.1451
v 0.19760 -0.07696 0.26000 0.1373 0.1529 0.1451
v 0.19859 -0.07696 0.25311 0.1373 0.1529 0.1451
f 1258 1259 1260
v 0.19760 -0.07696 0.26000 0.1373 0.1529 0.1451
v 0.19934 -0.08196 0.26000 0.1373 0.1529 0.1451
v 0.19859 -0.07696 0.25311 0.1373 0.1529 0.1451
f 1261 1262 1263
v 0.19859 -0.07696 0.25311 0.1373 0.1529 0.1451
v 0.19934 -0.08196 0.26000 0.1373 0.1529 0.1451
v 0.20020 -0.08158 0.25311 0.1373 0.1529 0.1451
f 1264 1265 1266
v 0.19934 -0.08196 0.26000 0.1373 0.1529 0.1451
v 0.20410 -0.08562 0.26000 0.1373 0.1529 0.1451
v 0.20020 -0.08158 0.25311 0.1373 0.1529 0.1451
f 1267 1268 1269
v 0.20020 -0.08158 0.25311 0.1373 0.1529 0.1451
v 0.20410 -0.08562 0.26000 0.1373 0.1529 0.1451
v 0.20459 -0.08496 0.25311 0.1373 0.1529 0.1451
f 1270 1271 1272
v 0.20410 -0.08562 0.26000 0.1373 0.1529 0.1451
v 0.21060 -0.08696 0.26000 0.1373 0.1529 0.1451
v 0.20459 -0.08496 0.25311 0.1373 0.1529 0.1451
f 1273 1274 1275
v 0.20459 -0.08496 0.25311 0.1373 0.1529 0.1451
v 0.21060 -0.08696 0.26000 0.1373 0.1529 0.1451
v 0.21060 -0.08620 0.25311 0.1373 0.1529 0.1451
f 1276 1277 1278
v 0.21060 -0.08696 0.26000 0.1373 0.1529 0.1451
v 0.21710 -0.08562 0.26000 0.1373 0.1529 0.1451
v 0.21060 -0.08620 0.25311 0.1373 0.1529 0.1451
f 1279 1280 1281
v 0.21060 -0.08620 0.25311 0.1373 0.1529 0.1451
v 0.21710 -0.08562 0.26000 0.1373 0.1529 0.1451
v 0.21661 -0.08496 0.25311 0.1373 0.1529 0.1451
f 1282 1283 1284
v 0.21710 -0.08562 0.26000 0.1373 0.1529 0.1451
v 0.22186 -0.08196 0.26000 0.1373 0.1529 0.1451
v 0.21661 -0.08496 0.25311 0.1373 0.1529 0.1451
f 1285 1286 1287
v 0.21661 -0.08496 0.25311 0.1373 0.1529 0.1451
v 0.22186 -0.08196 0.26000 0.1373 0.1529 0.1451
v 0.22100 -0.08158 0.25311 0.1373 0.1529 0.1451
f 1288 1289 1290
v 0.22186 -0.08196 0.26000 0.1373 0.1529 0.1451
v 0.22360 -0.07696 0.26000 0.1373 0.1529 0.1451
v 0.22100 -0.08158 0.25311 0.1373 0.1529 0.1451
f 1291 1292 1293
v 0.22100 -0.08158 0.25311 0.1373 0.1529 0.1451
v 0.22360 -0.07696 0.26000 0.1373 0.1529 0.1451
v 0.22261 -0.07696 0.25311 0.1373 0.1529 0.1451
f 1294 1295 1296
v 0.22261 -0.07696 0.25311 0.1373 0.1529 0.1451
v 0.22100 -0.07234 0.25311 0.1373 0.1529 0.1451
v 0.21979 -0.07696 0.24727 0.1373 0.1529 0.1451
f 1297 1298 1299
v 0.21979 -0.07696 0.24727 0.1373 0.1529 0.1451
v 0.22100 -0.07234 0.25311 0.1373 0.1529 0.1451
v 0.21856 -0.07342 0.24727 0.1373 0.1529 0.1451
f 1300 1301 1302
v 0.22100 -0.07234 0.25311 0.1373 0.1529 0.1451
v 0.21661 -0.06896 0.25311 0.1373 0.1529 0.1451
v 0.21856 -0.07342 0.24727 0.1373 0.1529 0.1451
f 1303 1304 1305
v 0.21856 -0.07342 0.24727 0.1373 0.1529 0.1451
v 0.21661 -0.06896 0.25311 0.1373 0.1529 0.1451
v 0.21520 -0.07084 0.24727 0.1373 0.1529 0.1451
f 1306 1307 1308
v 0.21661 -0.06896 0.25311 0.1373 0.1529 0.1451
v 0.21060 -0.06772 0.25311 0.1373 0.1529 0.1451
v 0.21520 -0.07084 0.24727 0.1373 0.1529 0.1451
f 1309 1310 1311
v 0.21520 -0.07084 0.24727 0.1373 0.1529 0.1451
v 0.21060 -0.06772 0.25311 0.1373 0.1529 0.1451
v 0.21060 -0.06989 0.24727 0.1373 0.1529 0.1451
f 1312 1313 1314
v 0.21060 -0.06772 0.25311 0.1373 0.1529 0.1451
v 0.20459 -0.06896 0.25311 0.1373 0.1529 0.1451
v 0.21060 -0.06989 0.24727 0.1373 0.1529 0.1451
f 1315 1316 1317
v 0.21060 -0.06989 0.24727 0.1373 0.1529 0.1451
v 0.20459 -0.06896 0.25311 0.1373 0.1529 0.1451
v 0.20600 -0.07084 0.24727 0.1373 0.1529 0.1451
f 1318 1319 1320
v 0.20459 -0.06896 0.25311 0.1373 0.1529 0.1451
v 0.20020 -0.07234 0.25311 0.1373 0.1529 0.1451
v 0.20600 -0.07084 0.24727 0.1373 0.1529 0.1451
f 1321 1322 1323
v 0.20600 -0.07084 0.24727 0.1373 0.1529 0.1451
v 0.20020 -0.07234 0.25311 0.1373 0.1529 0.1451
v 0.20264 -0.07342 0.24727 0.1373 0.1529 0.1451
f 1324 1325 1326
v 0.20020 -0.07234 0.25311 0.1373 0.1529 0.1451
v 0.19859 -0.07696 0.25311 0.1373 0.1529 0.1451
v 0.20264 -0.07342 0.24727 0.1373 0.1529 0.1451
f 1327 1328 1329
v 0.20264 -0.07342 0.24727 0.1373 0.1529 0.1451
v 0.19859 -0.07696 0.25311 0.1373 0.1529 0.1451
v 0.20141 -0.07696 0.24727 0.1373 0.1529 0.1451
f 1330 1331 1332
v 0.19859 -0.07696 0.25311 0.1373 0.1529 0.1451
v 0.20020 -0.08158 0.25311 0.1373 0.1529 0.1451
v 0.20141 -0.07696 0.24727 0.1373 0.1529 0.1451
f 1333 1334 1335
v 0.20141 -0.07696 0.24727 0.1373 0.1529 0.1451
v 0.20020 -0.08158 0.25311 0.1373 0.1529 0.1451
v 0.20264 -0.08050 0.24727 0.1373 0.1529 0.1451
f 1336 1337 1338
v 0.20020 -0.08158 0.25311 0.1373 0.1529 0.1451
v 0.20459 -0.08496 0.25311 0.1373 0.1529 0.1451
v 0.20264 -0.08050 0.24727 0.1373 0.1529 0.1451
f 1339 1340 1341
v 0.20264 -0.08050 0.24727 0.1373 0.1529 0.1451
v 0.20459 -0.08496 0.25311 0.1373 0.1529 0.1451
v 0.20600 -0.08308 0.24727 0.1373 0.1529 0.1451
f 1342 1343 1344
v 0.20459 -0.08496 0.25311 0.1373 0.1529 0.1451
v 0.21060 -0.08620 0.25311 0.1373 0.1529 0.1451
v 0.20600 -0.08308 0.24727 0.1373 0.1529 0.1451
f 1345 1346 1347
v 0.20600 -0.08308 0.24727 0.1373 0.1529 0.1451
v 0.21060 -0.08620 0.25311 0.1373 0.1529 0.1451
v 0.21060 -0.08403 0.24727 0.1373 0.1529 0.1451
f 1348 1349 1350
v 0.21060 -0.08620 0.25311 0.1373 0.1529 0.1451
v 0.21661 -0.08496 0.25311 0.1373 0.1529 0.1451
v 0.21060 -0.08403 0.24727 0.1373 0.1529 0.1451
f 1351 1352 1353
v 0.21060 -0.08403 0.24727 0.1373 0.1529 0.1451
v 0.21661 -0.08496 0.25311 0.1373 0.1529 0.1451
v 0.21520 -0.08308 0.24727 0.1373 0.1529 0.1451
f 1354 1355 1356
v 0.21661 -0.08496 0.25311 0.1373 0.1529 0.1451
v 0.22100 -0.08158 0.25311 0.1373 0.1529 0.1451
v 0.21520 -0.08308 0.24727 0.1373 0.1529 0.1451
f 1357 1358 1359
v 0.21520 -0.08308 0.24727 0.1373 0.1529 0.1451
v 0.22100 -0.08158 0.25311 0.1373 0.1529 0.1451
v 0.21856 -0.08050 0.24727 0.1373 0.1529 0.1451
f 1360 1361 1362
v 0.22100 -0.08158 0.25311 0.1373 0.1529 0.1451
v 0.22261 -0.07696 0.25311 0.1373 0.1529 0.1451
v 0.21856 -0.08050 0.24727 0.1373 0.1529 0.1451
f 1363 1364 1365
v 0.21856 -0.08050 0.24727 0.1373 0.1529 0.1451
v 0.22261 -0.07696 0.25311 0.1373 0.1529 0.1451
v 0.21979 -0.07696 0.24727 0.1373 0.1529 0.1451
f 1366 1367 1368
v 0.21979 -0.07696 0.24727 0.1373 0.1529 0.1451
v 0.21856 -0.07342 0.24727 0.1373 0.1529 0.1451
v 0.21557 -0.07696 0.24337 0.1373 0.1529 0.1451
f 1369 1370 1371
v 0.21557 -0.07696 0.24337 0.1373 0.1529 0.1451
v 0.21856 -0.07342 0.24727 0.1373 0.1529 0.1451
v 0.21491 -0.07505 0.24337 0.1373 0.1529 0.1451
f 1372 1373 1374
v 0.21856 -0.07342 0.24727 0.1373 0.1529 0.1451
v 0.21520 -0.07084 0.24727 0.1373 0.1529 0.1451
v 0.21491 -0.07505 0.24337 0.1373 0.1529 0.1451
f 1375 1376 1377
v 0.21491 -0.07505 0.24337 0.1373 0.1529 0.1451
v 0.21520 -0.07084 0.24727 0.1373 0.1529 0.1451
v 0.21309 -0.07365 0.24337 0.1373 0.1529 0.1451
f 1378 1379 1380
v 0.21520 -0.07084 0.24727 0.1373 0.1529 0.1451
v 0.21060 -0.06989 0.24727 0.1373 0.1529 0.1451
v 0.21309 -0.07365 0.24337 0.1373 0.1529 0.1451
f 1381 1382 1383
v 0.21309 -0.07365 0.24337 0.1373 0.1529 0.1451
v 0.21060 -0.06989 0.24727 0.1373 0.1529 0.1451
v 0.21060 -0.07313 0.24337 0.1373 0.1529 0.1451
f 1384 1385 1386
v 0.21060 -0.06989 0.24727 0.1373 0.1529 0.1451
v 0.20600 -0.07084 0.24727 0.1373 0.1529 0.1451
v 0.21060 -0.07313 0.24337 0.1373 0.1529 0.1451
f 1387 1388 1389
v 0.21060 -0.07313 0.24337 0.1373 0.1529 0.1451
v 0.20600 -0.07084 0.24727 0.1373 0.1529 0.1451
v 0.20811 -0.07365 0.24337 0.1373 0.1529 0.1451
f 1390 1391 1392
v 0.20600 -0.07084 0.24727 0.1373 0.1529 0.1451
v 0.20264 -0.07342 0.24727 0.1373 0.1529 0.1451
v 0.20811 -0.07365 0.24337 0.1373 0.1529 0.1451
f 1393 1394 1395
v 0.20811 -0.07365 0.24337 0.1373 0.1529 0.1451
v 0.20264 -0.07342 0.24727 0.1373 0.1529 0.1451
v 0.20629 -0.07505 0.24337 0.1373 0.1529 0.1451
f 1396 1397 1398
v 0.20264 -0.07342 0.24727 0.1373 0.1529 0.1451
v 0.20141 -0.07696 0.24727 0.1373 0.1529 0.1451
v 0.20629 -0.07505 0.24337 0.1373 0.1529 0.1451
f 1399 1400 1401
v 0.20629 -0.07505 0.24337 0.1373 0.1529 0.1451
v 0.20141 -0.07696 0.24727 0.1373 0.1529 0.1451
v 0.20563 -0.07696 0.24337 0.1373 0.1529 0.1451
f 1402 1403 1404
v 0.20141 -0.07696 0.24727 0.1373 0.1529 0.1451
v 0.20264 -0.08050 0.24727 0.1373 0.1529 0.1451
v 0.20563 -0.07696 0.24337 0.1373 0.1529 0.1451
f 1405 1406 1407
v 0.20563 -0.07696 0.24337 0.1373 0.1529 0.1451
v 0.20264 -0.08050 0.24727 0.1373 0.1529 0.1451
v 0.20629 -0.07887 0.24337 0.1373 0.1529 0.1451
f 1408 1409 1410
v 0.20264 -0.08050 0.24727 0.1373 0.1529 0.1451
v 0.20600 -0.08308 0.24727 0.1373 0.1529 0.1451
v 0.20629 -0.07887 0.24337 0.1373 0.1529 0.1451
f 1411 1412 1413
v 0.20629 -0.07887 0.24337 0.1373 0.1529 0.1451
v 0.20600 -0.08308 0.24727 0.1373 0.1529 0.1451
v 0.20811 -0.08027 0.24337 0.1373 0.1529 0.1451
f 1414 1415 1416
v 0.20600 -0.08308 0.24727 0.1373 0.1529 0.1451
v 0.21060 -0.08403 0.24727 0.1373 0.1529 0.1451
v 0.20811 -0.08027 0.24337 0.1373 0.1529 0.1451
f 1417 1418 1419
v 0.20811 -0.08027 0.24337 0.1373 0.1529 0.1451
v 0.21060 -0.08403 0.24727 0.1373 0.1529 0.1451
v 0.21060 -0.08079 0.24337 0.1373 0.1529 0.1451
f 1420 1421 1422
v 0.21060 -0.08403 0.24727 0.1373 0.1529 0.1451
v 0.21520 -0.08308 0.24727 0.1373 0.1529 0.1451
v 0.21060 -0.08079 0.24337 0.1373 0.1529 0.1451
f 1423 1424 1425
v 0.21060 -0.08079 0.24337 0.1373 0.1529 0.1451
v 0.21520 -0.08308 0.24727 0.1373 0.1529 0.1451
v 0.21309 -0.08027 0.24337 0.1373 0.1529 0.1451
f 1426 1427 1428
v 0.21520 -0.08308 0.24727 0.1373 0.1529 0.1451
v 0.21856 -0.08050 0.24727 0.1373 0.1529 0.1451
v 0.21309 -0.08027 0.24337 0.1373 0.1529 0.1451
f 1429 1430 1431
v 0.21309 -0.08027 0.24337 0.1373 0.1529 0.1451
v 0.21856 -0.08050 0.24727 0.1373 0.1529 0.1451
v 0.21491 -0.07887 0.24337 0.1373 0.1529 0.1451
f 1432 1433 1434
v 0.21856 -0.08050 0.24727 0.1373 0.1529 0.1451
v 0.21979 -0.07696 0.24727 0.1373 0.1529 0.1451
v 0.21491 -0.07887 0.24337 0.1373 0.1529 0.1451
f 1435 1436 1437
v 0.21491 -0.07887 0.24337 0.1373 0.1529 0.1451
v 0.21979 -0.07696 0.24727 0.1373 0.1529 0.1451
v 0.21557 -0.07696 0.24337 0.1373 0.1529 0.1451
f 1438 1439 1440
v 0.21557 -0.07696 0.24337 0.1373 0.1529 0.1451
v 0.21491 -0.07505 0.24337 0.1373 0.1529 0.1451
v 0.21060 -0.07696 0.24200 0.1373 0.1529 0.1451
f 1441 1442 1443
v 0.21491 -0.07505 0.24337 0.1373 0.1529 0.1451
v 0.21309 -0.07365 0.24337 0.1373 0.1529 0.1451
v 0.21060 -0.07696 0.24200 0.1373 0.1529 0.1451
f 1444 1445 1446
v 0.21309 -0.07365 0.24337 0.1373 0.1529 0.1451
v 0.21060 -0.07313 0.24337 0.1373 0.1529 0.1451
v 0.21060 -0.07696 0.24200 0.1373 0.1529 0.1451
f 1447 1448 1449
v 0.21060 -0.07313 0.24337 0.1373 0.1529 0.1451
v 0.20811 -0.07365 0.24337 0.1373 0.1529 0.1451
v 0.21060 -0.07696 0.24200 0.1373 0.1529 0.1451
f 1450 1451 1452
v 0.20811 -0.07365 0.24337 0.1373 0.1529 0.1451
v 0.20629 -0.07505 0.24337 0.1373 0.1529 0.1451
v 0.21060 -0.07696 0.24200 0.1373 0.1529 0.1451
f 1453 1454 1455
v 0.20629 -0.07505 0.24337 0.1373 0.1529 0.1451
v 0.20563 -0.07696 0.24337 0.1373 0.1529 0.1451
v 0.21060 -0.07696 0.24200 0.1373 0.1529 0.1451
f 1456 1457 1458
v 0.20563 -0.07696 0.24337 0.1373 0.1529 0.1451
v 0.20629 -0.07887 0.24337 0.1373 0.1529 0.1451
v 0.21060 -0.07696 0.24200 0.1373 0.1529 0.1451
f 1459 1460 1461
v 0.20629 -0.07887 0.24337 0.1373 0.1529 0.1451
v 0.20811 -0.08027 0.24337 0.1373 0.1529 0.1451
v 0.21060 -0.07696 0.24200 0.1373 0.1529 0.1451
f 1462 1463 1464
v 0.20811 -0.08027 0.24337 0.1373 0.1529 0.1451
v 0.21060 -0.08079 0.24337 0.1373 0.1529 0.1451
v 0.21060 -0.07696 0.24200 0.1373 0.1529 0.1451
f 1465 1466 1467
v 0.21060 -0.08079 0.24337 0.1373 0.1529 0.1451
v 0.21309 -0.08027 0.24337 0.1373 0.1529 0.1451
v 0.21060 -0.07696 0.24200 0.1373 0.1529 0.1451
f 1468 1469 1470
v 0.21309 -0.08027 0.24337 0.1373 0.1529 0.1451
v 0.21491 -0.07887 0.24337 0.1373 0.1529 0.1451
v 0.21060 -0.07696 0.24200 0.1373 0.1529 0.1451
f 1471 1472 1473
v 0.21491 -0.07887 0.24337 0.1373 0.1529 0.1451
v 0.21557 -0.07696 0.24337 0.1373 0.1529 0.1451
v 0.21060 -0.07696 0.24200 0.1373 0.1529 0.1451
f 1474 1475 1476
v -0.07112 -0.17190 0.07161 0.8902 0.6627 0.2431
v -0.08237 -0.17838 0.06814 0.8902 0.6627 0.2431
v -0.07112 -0.17598 0.07508 0.8902 0.6627 0.2431
f 1477 1478 1479
v -0.07112 -0.17598 0.07508 0.8902 0.6627 0.2431
v -0.08237 -0.17838 0.06814 0.8902 0.6627 0.2431
v -0.07441 -0.17768 0.07894 0.8902 0.6627 0.2431
f 1480 1481 1482
v -0.07441 -0.17768 0.07894 0.8902 0.6627 0.2431
v -0.08237 -0.17838 0.06814 0.8902 0.6627 0.2431
v -0.07909 -0.17598 0.08095 0.8902 0.6627 0.2431
f 1483 1484 1485
v -0.07909 -0.17598 0.08095 0.8902 0.6627 0.2431
v -0.08237 -0.17838 0.06814 0.8902 0.6627 0.2431
v -0.08240 -0.17190 0.07991 0.8902 0.6627 0.2431
f 1486 1487 1488
v -0.08240 -0.17190 0.07991 0.8902 0.6627 0.2431
v -0.08237 -0.17838 0.06814 0.8902 0.6627 0.2431
v -0.08240 -0.16782 0.07644 0.8902 0.6627 0.2431
f 1489 1490 1491
v -0.08240 -0.16782 0.07644 0.8902 0.6627 0.2431
v -0.08237 -0.17838 0.06814 0.8902 0.6627 0.2431
v -0.07911 -0.16613 0.07257 0.8902 0.6627 0.2431
f 1492 1493 1494
v -0.07911 -0.16613 0.07257 0.8902 0.6627 0.2431
v -0.08237 -0.17838 0.06814 0.8902 0.6627 0.2431
v -0.07443 -0.16782 0.07057 0.8902 0.6627 0.2431
f 1495 1496 1497
v -0.07443 -0.16782 0.07057 0.8902 0.6627 0.2431
v -0.08237 -0.17838 0.06814 0.8902 0.6627 0.2431
v -0.07112 -0.17190 0.07161 0.8902 0.6627 0.2431
f 1498 1499 1500
v -0.07112 -0.17190 0.07161 0.8902 0.6627 0.2431
v -0.07112 -0.17598 0.07508 0.8902 0.6627 0.2431
v -0.05167 -0.15419 0.08938 0.8902 0.6627 0.2431
f 1501 1502 1503
v -0.05167 -0.15419 0.08938 0.8902 0.6627 0.2431
v -0.07112 -0.17598 0.07508 0.8902 0.6627 0.2431
v -0.05166 -0.16126 0.09539 0.8902 0.6627 0.2431
f 1504 1505 1506
v -0.07112 -0.17598 0.07508 0.8902 0.6627 0.2431
v -0.07441 -0.17768 0.07894 0.8902 0.6627 0.2431
v -0.05166 -0.16126 0.09539 0.8902 0.6627 0.2431
f 1507 1508 1509
v -0.05166 -0.16126 0.09539 0.8902 0.6627 0.2431
v -0.07441 -0.17768 0.07894 0.8902 0.6627 0.2431
v -0.05737 -0.16419 0.10209 0.8902 0.6627 0.2431
f 1510 1511 1512
v -0.07441 -0.17768 0.07894 0.8902 0.6627 0.2431
v -0.07909 -0.17598 0.08095 0.8902 0.6627 0.2431
v -0.05737 -0.16419 0.10209 0.8902 0.6627 0.2431
f 1513 1514 1515
v -0.05737 -0.16419 0.10209 0.8902 0.6627 0.2431
v -0.07909 -0.17598 0.08095 0.8902 0.6627 0.2431
v -0.06546 -0.16126 0.10556 0.8902 0.6627 0.2431
f 1516 1517 1518
v -0.07909 -0.17598 0.08095 0.8902 0.6627 0.2431
v -0.08240 -0.17190 0.07991 0.8902 0.6627 0.2431
v -0.06546 -0.16126 0.10556 0.8902 0.6627 0.2431
f 1519 1520 1521
v -0.06546 -0.16126 0.10556 0.8902 0.6627 0.2431
v -0.08240 -0.17190 0.07991 0.8902 0.6627 0.2431
v -0.07120 -0.15419 0.10376 0.8902 0.6627 0.2431
f 1522 1523 1524
v -0.08240 -0.17190 0.07991 0.8902 0.6627 0.2431
v -0.08240 -0.16782 0.07644 0.8902 0.6627 0.2431
v -0.07120 -0.15419 0.10376 0.8902 0.6627 0.2431
f 1525 1526 1527
v -0.07120 -0.15419 0.10376 0.8902 0.6627 0.2431
v -0.08240 -0.16782 0.07644 0.8902 0.6627 0.2431
v -0.07121 -0.14712 0.09775 0.8902 0.6627 0.2431
f 1528 1529 1530
v -0.08240 -0.16782 0.07644 0.8902 0.6627 0.2431
v -0.07911 -0.16613 0.07257 0.8902 0.6627 0.2431
v -0.07121 -0.14712 0.09775 0.8902 0.6627 0.2431
f 1531 1532 1533
v -0.07121 -0.14712 0.09775 0.8902 0.6627 0.2431
v -0.07911 -0.16613 0.07257 0.8902 0.6627 0.2431
v -0.06550 -0.14419 0.09105 0.8902 0.6627 0.2431
f 1534 1535 1536
v -0.07911 -0.16613 0.07257 0.8902 0.6627 0.2431
v -0.07443 -0.16782 0.07057 0.8902 0.6627 0.2431
v -0.06550 -0.14419 0.09105 0.8902 0.6627 0.2431
f 1537 1538 1539
v -0.06550 -0.14419 0.09105 0.8902 0.6627 0.2431
v -0.07443 -0.16782 0.07057 0.8902 0.6627 0.2431
v -0.05740 -0.14712 0.08758 0.8902 0.6627 0.2431
f 1540 1541 1542
v -0.07443 -0.16782 0.07057 0.8902 0.6627 0.2431
v -0.07112 -0.17190 0.07161 0.8902 0.6627 0.2431
v -0.05740 -0.14712 0.08758 0.8902 0.6627 0.2431
f 1543 1544 1545
v -0.05740 -0.14712 0.08758 0.8902 0.6627 0.2431
v -0.07112 -0.17190 0.07161 0.8902 0.6627 0.2431
v -0.05167 -0.15419 0.08938 0.8902 0.6627 0.2431
f 1546 1547 1548
v -0.05167 -0.15419 0.08938 0.8902 0.6627 0.2431
v -0.05166 -0.16126 0.09539 0.8902 0.6627 0.2431
v -0.02923 -0.13000 0.11670 0.8902 0.6627 0.2431
f 1549 1550 1551
v -0.02923 -0.13000 0.11670 0.8902 0.6627 0.2431
v -0.05166 -0.16126 0.09539 0.8902 0.6627 0.2431
v -0.02921 -0.13817 0.12364 0.8902 0.6627 0.2431
f 1552 1553 1554
v -0.05166 -0.16126 0.09539 0.8902 0.6627 0.2431
v -0.05737 -0.16419 0.10209 0.8902 0.6627 0.2431
v -0.02921 -0.13817 0.12364 0.8902 0.6627 0.2431
f 1555 1556 1557
v -0.02921 -0.13817 0.12364 0.8902 0.6627 0.2431
v -0.05737 -0.16419 0.10209 0.8902 0.6627 0.2431
v -0.03581 -0.14155 0.13137 0.8902 0.6627 0.2431
f 1558 1559 1560
v -0.05737 -0.16419 0.10209 0.8902 0.6627 0.2431
v -0.06546 -0.16126 0.10556 0.8902 0.6627 0.2431
v -0.03581 -0.14155 0.13137 0.8902 0.6627 0.2431
f 1561 1562 1563
v -0.03581 -0.14155 0.13137 0.8902 0.6627 0.2431
v -0.06546 -0.16126 0.10556 0.8902 0.6627 0.2431
v -0.04515 -0.13817 0.13538 0.8902 0.6627 0.2431
f 1564 1565 1566
v -0.06546 -0.16126 0.10556 0.8902 0.6627 0.2431
v -0.07120 -0.15419 0.10376 0.8902 0.6627 0.2431
v -0.04515 -0.13817 0.13538 0.8902 0.6627 0.2431
f 1567 1568 1569
v -0.04515 -0.13817 0.13538 0.8902 0.6627 0.2431
v -0.07120 -0.15419 0.10376 0.8902 0.6627 0.2431
v -0.05177 -0.13000 0.13330 0.8902 0.6627 0.2431
f 1570 1571 1572
v -0.07120 -0.15419 0.10376 0.8902 0.6627 0.2431
v -0.07121 -0.14712 0.09775 0.8902 0.6627 0.2431
v -0.05177 -0.13000 0.13330 0.8902 0.6627 0.2431
f 1573 1574 1575
v -0.05177 -0.13000 0.13330 0.8902 0.6627 0.2431
v -0.07121 -0.14712 0.09775 0.8902 0.6627 0.2431
v -0.05179 -0.12183 0.12636 0.8902 0.6627 0.2431
f 1576 1577 1578
v -0.07121 -0.14712 0.09775 0.8902 0.6627 0.2431
v -0.06550 -0.14419 0.09105 0.8902 0.6627 0.2431
v -0.05179 -0.12183 0.12636 0.8902 0.6627 0.2431
f 1579 1580 1581
v -0.05179 -0.12183 0.12636 0.8902 0.6627 0.2431
v -0.06550 -0.14419 0.09105 0.8902 0.6627 0.2431
v -0.04519 -0.11845 0.11863 0.8902 0.6627 0.2431
f 1582 1583 1584
v -0.06550 -0.14419 0.09105 0.8902 0.6627 0.2431
v -0.05740 -0.14712 0.08758 0.8902 0.6627 0.2431
v -0.04519 -0.11845 0.11863 0.8902 0.6627 0.2431
f 1585 1586 1587
v -0.04519 -0.11845 0.11863 0.8902 0.6627 0.2431
v -0.05740 -0.14712 0.08758 0.8902 0.6627 0.2431
v -0.03585 -0.12183 0.11462 0.8902 0.6627 0.2431
f 1588 1589 1590
v -0.05740 -0.14712 0.08758 0.8902 0.6627 0.2431
v -0.05167 -0.15419 0.08938 0.8902 0.6627 0.2431
v -0.03585 -0.12183 0.11462 0.8902 0.6627 0.2431
f 1591 1592 1593
v -0.03585 -0.12183 0.11462 0.8902 0.6627 0.2431
v -0.05167 -0.15419 0.08938 0.8902 0.6627 0.2431
v -0.02923 -0.13000 0.11670 0.8902 0.6627 0.2431
f 1594 1595 1596
v -0.02923 -0.13000 0.11670 0.8902 0.6627 0.2431
v -0.02921 -0.13817 0.12364 0.8902 0.6627 0.2431
v -0.00980 -0.10581 0.14624 0.8902 0.6627 0.2431
f 1597 1598 1599
v -0.00980 -0.10581 0.14624 0.8902 0.6627 0.2431
v -0.02921 -0.13817 0.12364 0.8902 0.6627 0.2431
v -0.00979 -0.11288 0.15225 0.8902 0.6627 0.2431
f 1600 1601 1602
v -0.02921 -0.13817 0.12364 0.8902 0.6627 0.2431
v -0.03581 -0.14155 0.13137 0.8902 0.6627 0.2431
v -0.00979 -0.11288 0.15225 0.8902 0.6627 0.2431
f 1603 1604 1605
v -0.00979 -0.11288 0.15225 0.8902 0.6627 0.2431
v -0.03581 -0.14155 0.13137 0.8902 0.6627 0.2431
v -0.01550 -0.11581 0.15895 0.8902 0.6627 0.2431
f 1606 1607 1608
v -0.03581 -0.14155 0.13137 0.8902 0.6627 0.2431
v -0.04515 -0.13817 0.13538 0.8902 0.6627 0.2431
v -0.01550 -0.11581 0.15895 0.8902 0.6627 0.2431
f 1609 1610 1611
v -0.01550 -0.11581 0.15895 0.8902 0.6627 0.2431
v -0.04515 -0.13817 0.13538 0.8902 0.6627 0.2431
v -0.02360 -0.11288 0.16242 0.8902 0.6627 0.2431
f 1612 1613 1614
v -0.04515 -0.13817 0.13538 0.8902 0.6627 0.2431
v -0.05177 -0.13000 0.13330 0.8902 0.6627 0.2431
v -0.02360 -0.11288 0.16242 0.8902 0.6627 0.2431
f 1615 1616 1617
v -0.02360 -0.11288 0.16242 0.8902 0.6627 0.2431
v -0.05177 -0.13000 0.13330 0.8902 0.6627 0.2431
v -0.02933 -0.10581 0.16062 0.8902 0.6627 0.2431
f 1618 1619 1620
v -0.05177 -0.13000 0.13330 0.8902 0.6627 0.2431
v -0.05179 -0.12183 0.12636 0.8902 0.6627 0.2431
v -0.02933 -0.10581 0.16062 0.8902 0.6627 0.2431
f 1621 1622 1623
v -0.02933 -0.10581 0.16062 0.8902 0.6627 0.2431
v -0.05179 -0.12183 0.12636 0.8902 0.6627 0.2431
v -0.02934 -0.09874 0.15461 0.8902 0.6627 0.2431
f 1624 1625 1626
v -0.05179 -0.12183 0.12636 0.8902 0.6627 0.2431
v -0.04519 -0.11845 0.11863 0.8902 0.6627 0.2431
v -0.02934 -0.09874 0.15461 0.8902 0.6627 0.2431
f 1627 1628 1629
v -0.02934 -0.09874 0.15461 0.8902 0.6627 0.2431
v -0.04519 -0.11845 0.11863 0.8902 0.6627 0.2431
v -0.02363 -0.09581 0.14791 0.8902 0.6627 0.2431
f 1630 1631 1632
v -0.04519 -0.11845 0.11863 0.8902 0.6627 0.2431
v -0.03585 -0.12183 0.11462 0.8902 0.6627 0.2431
v -0.02363 -0.09581 0.14791 0.8902 0.6627 0.2431
f 1633 1634 1635
v -0.02363 -0.09581 0.14791 0.8902 0.6627 0.2431
v -0.03585 -0.12183 0.11462 0.8902 0.6627 0.2431
v -0.01554 -0.09874 0.14444 0.8902 0.6627 0.2431
f 1636 1637 1638
v -0.03585 -0.12183 0.11462 0.8902 0.6627 0.2431
v -0.02923 -0.13000 0.11670 0.8902 0.6627 0.2431
v -0.01554 -0.09874 0.14444 0.8902 0.6627 0.2431
f 1639 1640 1641
v -0.01554 -0.09874 0.14444 0.8902 0.6627 0.2431
v -0.02923 -0.13000 0.11670 0.8902 0.6627 0.2431
v -0.00980 -0.10581 0.14624 0.8902 0.6627 0.2431
f 1642 1643 1644
v -0.00980 -0.10581 0.14624 0.8902 0.6627 0.2431
v -0.00979 -0.11288 0.15225 0.8902 0.6627 0.2431
v 0.00140 -0.08810 0.17009 0.8902 0.6627 0.2431
f 1645 1646 1647
v 0.00140 -0.08810 0.17009 0.8902 0.6627 0.2431
v -0.00979 -0.11288 0.15225 0.8902 0.6627 0.2431
v 0.00140 -0.09218 0.17356 0.8902 0.6627 0.2431
f 1648 1649 1650
v -0.00979 -0.11288 0.15225 0.8902 0.6627 0.2431
v -0.01550 -0.11581 0.15895 0.8902 0.6627 0.2431
v 0.00140 -0.09218 0.17356 0.8902 0.6627 0.2431
f 1651 1652 1653
v 0.00140 -0.09218 0.17356 0.8902 0.6627 0.2431
v -0.01550 -0.11581 0.15895 0.8902 0.6627 0.2431
v -0.00189 -0.09387 0.17743 0.8902 0.6627 0.2431
f 1654 1655 1656
v -0.01550 -0.11581 0.15895 0.8902 0.6627 0.2431
v -0.02360 -0.11288 0.16242 0.8902 0.6627 0.2431
v -0.00189 -0.09387 0.17743 0.8902 0.6627 0.2431
f 1657 1658 1659
v -0.00189 -0.09387 0.17743 0.8902 0.6627 0.2431
v -0.02360 -0.11288 0.16242 0.8902 0.6627 0.2431
v -0.00657 -0.09218 0.17943 0.8902 0.6627 0.2431
f 1660 1661 1662
v -0.02360 -0.11288 0.16242 0.8902 0.6627 0.2431
v -0.02933 -0.10581 0.16062 0.8902 0.6627 0.2431
v -0.00657 -0.09218 0.17943 0.8902 0.6627 0.2431
f 1663 1664 1665
v -0.00657 -0.09218 0.17943 0.8902 0.6627 0.2431
v -0.02933 -0.10581 0.16062 0.8902 0.6627 0.2431
v -0.00988 -0.08810 0.17839 0.8902 0.6627 0.2431
f 1666 1667 1668
v -0.02933 -0.10581 0.16062 0.8902 0.6627 0.2431
v -0.02934 -0.09874 0.15461 0.8902 0.6627 0.2431
v -0.00988 -0.08810 0.17839 0.8902 0.6627 0.2431
f 1669 1670 1671
v -0.00988 -0.08810 0.17839 0.8902 0.6627 0.2431
v -0.02934 -0.09874 0.15461 0.8902 0.6627 0.2431
v -0.00988 -0.08402 0.17492 0.8902 0.6627 0.2431
f 1672 1673 1674
v -0.02934 -0.09874 0.15461 0.8902 0.6627 0.2431
v -0.02363 -0.09581 0.14791 0.8902 0.6627 0.2431
v -0.00988 -0.08402 0.17492 0.8902 0.6627 0.2431
f 1675 1676 1677
v -0.00988 -0.08402 0.17492 0.8902 0.6627 0.2431
v -0.02363 -0.09581 0.14791 0.8902 0.6627 0.2431
v -0.00659 -0.08232 0.17106 0.8902 0.6627 0.2431
f 1678 1679 1680
v -0.02363 -0.09581 0.14791 0.8902 0.6627 0.2431
v -0.01554 -0.09874 0.14444 0.8902 0.6627 0.2431
v -0.00659 -0.08232 0.17106 0.8902 0.6627 0.2431
f 1681 1682 1683
v -0.00659 -0.08232 0.17106 0.8902 0.6627 0.2431
v -0.01554 -0.09874 0.14444 0.8902 0.6627 0.2431
v -0.00191 -0.08402 0.16905 0.8902 0.6627 0.2431
f 1684 1685 1686
v -0.01554 -0.09874 0.14444 0.8902 0.6627 0.2431
v -0.00980 -0.10581 0.14624 0.8902 0.6627 0.2431
v -0.00191 -0.08402 0.16905 0.8902 0.6627 0.2431
f 1687 1688 1689
v -0.00191 -0.08402 0.16905 0.8902 0.6627 0.2431
v -0.00980 -0.10581 0.14624 0.8902 0.6627 0.2431
v 0.00140 -0.08810 0.17009 0.8902 0.6627 0.2431
f 1690 1691 1692
v 0.00140 -0.08810 0.17009 0.8902 0.6627 0.2431
v 0.00140 -0.09218 0.17356 0.8902 0.6627 0.2431
v 0.00137 -0.08162 0.18186 0.8902 0.6627 0.2431
f 1693 1694 1695
v 0.00140 -0.09218 0.17356 0.8902 0.6627 0.2431
v -0.00189 -0.09387 0.17743 0.8902 0.6627 0.2431
v 0.00137 -0.08162 0.18186 0.8902 0.6627 0.2431
f 1696 1697 1698
v -0.00189 -0.09387 0.17743 0.8902 0.6627 0.2431
v -0.00657 -0.09218 0.17943 0.8902 0.6627 0.2431
v 0.00137 -0.08162 0.18186 0.8902 0.6627 0.2431
f 1699 1700 1701
v -0.00657 -0.09218 0.17943 0.8902 0.6627 0.2431
v -0.00988 -0.08810 0.17839 0.8902 0.6627 0.2431
v 0.00137 -0.08162 0.18186 0.8902 0.6627 0.2431
f 1702 1703 1704
v -0.00988 -0.08810 0.17839 0.8902 0.6627 0.2431
v -0.00988 -0.08402 0.17492 0.8902 0.6627 0.2431
v 0.00137 -0.08162 0.18186 0.8902 0.6627 0.2431
f 1705 1706 1707
v -0.00988 -0.08402 0.17492 0.8902 0.6627 0.2431
v -0.00659 -0.08232 0.17106 0.8902 0.6627 0.2431
v 0.00137 -0.08162 0.18186 0.8902 0.6627 0.2431
f 1708 1709 1710
v -0.00659 -0.08232 0.17106 0.8902 0.6627 0.2431
v -0.00191 -0.08402 0.16905 0.8902 0.6627 0.2431
v 0.00137 -0.08162 0.18186 0.8902 0.6627 0.2431
f 1711 1712 1713
v -0.00191 -0.08402 0.16905 0.8902 0.6627 0.2431
v 0.00140 -0.08810 0.17009 0.8902 0.6627 0.2431
v 0.00137 -0.08162 0.18186 0.8902 0.6627 0.2431
f 1714 1715 1716
v 0.21557 0.07696 0.27663 0.1373 0.1529 0.1451
v 0.21060 0.07696 0.27800 0.1373 0.1529 0.1451
v 0.21491 0.07887 0.27663 0.1373 0.1529 0.1451
f 1717 1718 1719
v 0.21491 0.07887 0.27663 0.1373 0.1529 0.1451
v 0.21060 0.07696 0.27800 0.1373 0.1529 0.1451
v 0.21309 0.08027 0.27663 0.1373 0.1529 0.1451
f 1720 1721 1722
v 0.21309 0.08027 0.27663 0.1373 0.1529 0.1451
v 0.21060 0.07696 0.27800 0.1373 0.1529 0.1451
v 0.21060 0.08079 0.27663 0.1373 0.1529 0.1451
f 1723 1724 1725
v 0.21060 0.08079 0.27663 0.1373 0.1529 0.1451
v 0.21060 0.07696 0.27800 0.1373 0.1529 0.1451
v 0.20811 0.08027 0.27663 0.1373 0.1529 0.1451
f 1726 1727 1728
v 0.20811 0.08027 0.27663 0.1373 0.1529 0.1451
v 0.21060 0.07696 0.27800 0.1373 0.1529 0.1451
v 0.20629 0.07887 0.27663 0.1373 0.1529 0.1451
f 1729 1730 1731
v 0.20629 0.07887 0.27663 0.1373 0.1529 0.1451
v 0.21060 0.07696 0.27800 0.1373 0.1529 0.1451
v 0.20563 0.07696 0.27663 0.1373 0.1529 0.1451
f 1732 1733 1734
v 0.20563 0.07696 0.27663 0.1373 0.1529 0.1451
v 0.21060 0.07696 0.27800 0.1373 0.1529 0.1451
v 0.20629 0.07505 0.27663 0.1373 0.1529 0.1451
f 1735 1736 1737
v 0.20629 0.07505 0.27663 0.1373 0.1529 0.1451
v 0.21060 0.07696 0.27800 0.1373 0.1529 0.1451
v 0.20811 0.07365 0.27663 0.1373 0.1529 0.1451
f 1738 1739 1740
v 0.20811 0.07365 0.27663 0.1373 0.1529 0.1451
v 0.21060 0.07696 0.27800 0.1373 0.1529 0.1451
v 0.21060 0.07313 0.27663 0.1373 0.1529 0.1451
f 1741 1742 1743
v 0.21060 0.07313 0.27663 0.1373 0.1529 0.1451
v 0.21060 0.07696 0.27800 0.1373 0.1529 0.1451
v 0.21309 0.07365 0.27663 0.1373 0.1529 0.1451
f 1744 1745 1746
v 0.21309 0.07365 0.27663 0.1373 0.1529 0.1451
v 0.21060 0.07696 0.27800 0.1373 0.1529 0.1451
v 0.21491 0.07505 0.27663 0.1373 0.1529 0.1451
f 1747 1748 1749
v 0.21491 0.07505 0.27663 0.1373 0.1529 0.1451
v 0.21060 0.07696 0.27800 0.1373 0.1529 0.1451
v 0.21557 0.07696 0.27663 0.1373 0.1529 0.1451
f 1750 1751 1752
v 0.21557 0.07696 0.27663 0.1373 0.1529 0.1451
v 0.21491 0.07887 0.27663 0.1373 0.1529 0.1451
v 0.21979 0.07696 0.27273 0.1373 0.1529 0.1451
f 1753 1754 1755
v 0.21979 0.07696 0.27273 0.1373 0.1529 0.1451
v 0.21491 0.07887 0.27663 0.1373 0.1529 0.1451
v 0.21856 0.08050 0.27273 0.1373 0.1529 0.1451
f 1756 1757 1758
v 0.21491 0.07887 0.27663 0.1373 0.1529 0.1451
v 0.21309 0.08027 0.27663 0.1373 0.1529 0.1451
v 0.21856 0.08050 0.27273 0.1373 0.1529 0.1451
f 1759 1760 1761
v 0.21856 0.08050 0.27273 0.1373 0.1529 0.1451
v 0.21309 0.08027 0.27663 0.1373 0.1529 0.1451
v 0.21520 0.08308 0.27273 0.1373 0.1529 0.1451
f 1762 1763 1764
v 0.21309 0.08027 0.27663 0.1373 0.1529 0.1451
v 0.21060 0.08079 0.27663 0.1373 0.1529 0.1451
v 0.21520 0.08308 0.27273 0.1373 0.1529 0.1451
f 1765 1766 1767
v 0.21520 0.08308 0.27273 0.1373 0.1529 0.1451
v 0.21060 0.08079 0.27663 0.1373 0.1529 0.1451
v 0.21060 0.08403 0.27273 0.1373 0.1529 0.1451
f 1768 1769 1770
v 0.21060 0.08079 0.27663 0.1373 0.1529 0.1451
v 0.20811 0.08027 0.27663 0.1373 0.1529 0.1451
v 0.21060 0.08403 0.27273 0.1373 0.1529 0.1451
f 1771 1772 1773
v 0.21060 0.08403 0.27273 0.1373 0.1529 0.1451
v 0.20811 0.08027 0.27663 0.1373 0.1529 0.1451
v 0.20600 0.08308 0.27273 0.1373 0.1529 0.1451
f 1774 1775 1776
v 0.20811 0.08027 0.27663 0.1373 0.1529 0.1451
v 0.20629 0.07887 0.27663 0.1373 0.1529 0.1451
v 0.20600 0.08308 0.27273 0.1373 0.1529 0.1451
f 1777 1778 1779
v 0.20600 0.08308 0.27273 0.1373 0.1529 0.1451
v 0.20629 0.07887 0.27663 0.1373 0.1529 0.1451
v 0.20264 0.08050 0.27273 0.1373 0.1529 0.1451
f 1780 1781 1782
v 0.20629 0.07887 0.27663 0.1373 0.1529 0.1451
v 0.20563 0.07696 0.27663 0.1373 0.1529 0.1451
v 0.20264 0.08050 0.27273 0.1373 0.1529 0.1451
f 1783 1784 1785
v 0.20264 0.08050 0.27273 0.1373 0.1529 0.1451
v 0.20563 0.07696 0.27663 0.1373 0.1529 0.1451
v 0.20141 0.07696 0.27273 0.1373 0.1529 0.1451
f 1786 1787 1788
v 0.20563 0.07696 0.27663 0.1373 0.1529 0.1451
v 0.20629 0.07505 0.27663 0.1373 0.1529 0.1451
v 0.20141 0.07696 0.27273 0.1373 0.1529 0.1451
f 1789 1790 1791
v 0.20141 0.07696 0.27273 0.1373 0.1529 0.1451
v 0.20629 0.07505 0.27663 0.1373 0.1529 0.1451
v 0.20264 0.07342 0.27273 0.1373 0.1529 0.1451
f 1792 1793 1794
v 0.20629 0.07505 0.27663 0.1373 0.1529 0.1451
v 0.20811 0.07365 0.27663 0.1373 0.1529 0.1451
v 0.20264 0.07342 0.27273 0.1373 0.1529 0.1451
f 1795 1796 1797
v 0.20264 0.07342 0.27273 0.1373 0.1529 0.1451
v 0.20811 0.07365 0.27663 0.1373 0.1529 0.1451
v 0.20600 0.07084 0.27273 0.1373 0.1529 0.1451
f 1798 1799 1800
v 0.20811 0.07365 0.27663 0.1373 0.1529 0.1451
v 0.21060 0.07313 0.27663 0.1373 0.1529 0.1451
v 0.20600 0.07084 0.27273 0.1373 0.1529 0.1451
f 1801 1802 1803
v 0.20600 0.07084 0.27273 0.1373 0.1529 0.1451
v 0.21060 0.07313 0.27663 0.1373 0.1529 0.1451
v 0.21060 0.06989 0.27273 0.1373 0.1529 0.1451
f 1804 1805 1806
v 0.21060 0.07313 0.27663 0.1373 0.1529 0.1451
v 0.21309 0.07365 0.27663 0.1373 0.1529 0.1451
v 0.21060 0.06989 0.27273 0.1373 0.1529 0.1451
f 1807 1808 1809
v 0.21060 0.06989 0.27273 0.1373 0.1529 0.1451
v 0.21309 0.07365 0.27663 0.1373 0.1529 0.1451
v 0.21520 0.07084 0.27273 0.1373 0.1529 0.1451
f 1810 1811 1812
v 0.21309 0.07365 0.27663 0.1373 0.1529 0.1451
v 0.21491 0.07505 0.27663 0.1373 0.1529 0.1451
v 0.21520 0.07084 0.27273 0.1373 0.1529 0.1451
f 1813 1814 1815
v 0.21520 0.07084 0.27273 0.1373 0.1529 0.1451
v 0.21491 0.07505 0.27663 0.1373 0.1529 0.1451
v 0.21856 0.07342 0.27273 0.1373 0.1529 0.1451
f 1816 1817 1818
v 0.21491 0.07505 0.27663 0.1373 0.1529 0.1451
v 0.21557 0.07696 0.27663 0.1373 0.1529 0.1451
v 0.21856 0.07342 0.27273 0.1373 0.1529 0.1451
f 1819 1820 1821
v 0.21856 0.07342 0.27273 0.1373 0.1529 0.1451
v 0.21557 0.07696 0.27663 0.1373 0.1529 0.1451
v 0.21979 0.07696 0.27273 0.1373 0.1529 0.1451
f 1822 1823 1824
v 0.21979 0.07696 0.27273 0.1373 0.1529 0.1451
v 0.21856 0.08050 0.27273 0.1373 0.1529 0.1451
v 0.22261 0.07696 0.26689 0.1373 0.1529 0.1451
f 1825 1826 1827
v 0.22261 0.07696 0.26689 0.1373 0.1529 0.1451
v 0.21856 0.08050 0.27273 0.1373 0.1529 0.1451
v 0.22100 0.08158 0.26689 0.1373 0.1529 0.1451
f 1828 1829 1830
v 0.21856 0.08050 0.27273 0.1373 0.1529 0.1451
v 0.21520 0.08308 0.27273 0.1373 0.1529 0.1451
v 0.22100 0.08158 0.26689 0.1373 0.1529 0.1451
f 1831 1832 1833
v 0.22100 0.08158 0.26689 0.1373 0.1529 0.1451
v 0.21520 0.08308 0.27273 0.1373 0.1529 0.1451
v 0.21661 0.08496 0.26689 0.1373 0.1529 0.1451
f 1834 1835 1836
v 0.21520 0.08308 0.27273 0.1373 0.1529 0.1451
v 0.21060 0.08403 0.27273 0.1373 0.1529 0.1451
v 0.21661 0.08496 0.26689 0.1373 0.1529 0.1451
f 1837 1838 1839
v 0.21661 0.08496 0.26689 0.1373 0.1529 0.1451
v 0.21060 0.08403 0.27273 0.1373 0.1529 0.1451
v 0.21060 0.08620 0.26689 0.1373 0.1529 0.1451
f 1840 1841 1842
v 0.21060 0.08403 0.27273 0.1373 0.1529 0.1451
v 0.20600 0.08308 0.27273 0.1373 0.1529 0.1451
v 0.21060 0.08620 0.26689 0.1373 0.1529 0.1451
f 1843 1844 1845
v 0.21060 0.08620 0.26689 0.1373 0.1529 0.1451
v 0.20600 0.08308 0.27273 0.1373 0.1529 0.1451
v 0.20459 0.08496 0.26689 0.1373 0.1529 0.1451
f 1846 1847 1848
v 0.20600 0.08308 0.27273 0.1373 0.1529 0.1451
v 0.20264 0.08050 0.27273 0.1373 0.1529 0.1451
v 0.20459 0.08496 0.26689 0.1373 0.1529 0.1451
f 1849 1850 1851
v 0.20459 0.08496 0.26689 0.1373 0.1529 0.1451
v 0.20264 0.08050 0.27273 0.1373 0.1529 0.1451
v 0.20020 0.08158 0.26689 0.1373 0.1529 0.1451
f 1852 1853 1854
v 0.20264 0.08050 0.27273 0.1373 0.1529 0.1451
v 0.20141 0.07696 0.27273 0.1373 0.1529 0.1451
v 0.20020 0.08158 0.26689 0.1373 0.1529 0.1451
f 1855 1856 1857
v 0.20020 0.08158 0.26689 0.1373 0.1529 0.1451
v 0.20141 0.07696 0.27273 0.1373 0.1529 0.1451
v 0.19859 0.07696 0.26689 0.1373 0.1529 0.1451
f 1858 1859 1860
v 0.20141 0.07696 0.27273 0.1373 0.1529 0.1451
v 0.20264 0.07342 0.27273 0.1373 0.1529 0.1451
v 0.19859 0.07696 0.26689 0.1373 0.1529 0.1451
f 1861 1862 1863
v 0.19859 0.07696 0.26689 0.1373 0.1529 0.1451
v 0.20264 0.07342 0.27273 0.1373 0.1529 0.1451
v 0.20020 0.07234 0.26689 0.1373 0.1529 0.1451
f 1864 1865 1866
v 0.20264 0.07342 0.27273 0.1373 0.1529 0.1451
v 0.20600 0.07084 0.27273 0.1373 0.1529 0.1451
v 0.20020 0.07234 0.26689 0.1373 0.1529 0.1451
f 1867 1868 1869
v 0.20020 0.07234 0.26689 0.1373 0.1529 0.1451
v 0.20600 0.07084 0.27273 0.1373 0.1529 0.1451
v 0.20459 0.06896 0.26689 0.1373 0.1529 0.1451
f 1870 1871 1872
v 0.20600 0.07084 0.27273 0.1373 0.1529 0.1451
v 0.21060 0.06989 0.27273 0.1373 0.1529 0.1451
v 0.20459 0.06896 0.26689 0.1373 0.1529 0.1451
f 1873 1874 1875
v 0.20459 0.06896 0.26689 0.1373 0.1529 0.1451
v 0.21060 0.06989 0.27273 0.1373 0.1529 0.1451
v 0.21060 0.06772 0.26689 0.1373 0.1529 0.1451
f 1876 1877 1878
v 0.21060 0.06989 0.27273 0.1373 0.1529 0.1451
v 0.21520 0.07084 0.27273 0.1373 0.1529 0.1451
v 0.21060 0.06772 0.26689 0.1373 0.1529 0.1451
f 1879 1880 1881
v 0.21060 0.06772 0.26689 0.1373 0.1529 0.1451
v 0.21520 0.07084 0.27273 0.1373 0.1529 0.1451
v 0.21661 0.06896 0.26689 0.1373 0.1529 0.1451
f 1882 1883 1884
v 0.21520 0.07084 0.27273 0.1373 0.1529 0.1451
v 0.21856 0.07342 0.27273 0.1373 0.1529 0.1451
v 0.21661 0.06896 0.26689 0.1373 0.1529 0.1451
f 1885 1886 1887
v 0.21661 0.06896 0.26689 0.1373 0.1529 0.1451
v 0.21856 0.07342 0.27273 0.1373 0.1529 0.1451
v 0.22100 0.07234 0.26689 0.1373 0.1529 0.1451
f 1888 1889 1890
v 0.21856 0.07342 0.27273 0.1373 0.1529 0.1451
v 0.21979 0.07696 0.27273 0.1373 0.1529 0.1451
v 0.22100 0.07234 0.26689 0.1373 0.1529 0.1451
f 1891 1892 1893
v 0.22100 0.07234 0.26689 0.1373 0.1529 0.1451
v 0.21979 0.07696 0.27273 0.1373 0.1529 0.1451
v 0.22261 0.07696 0.26689 0.1373 0.1529 0.1451
f 1894 1895 1896
v 0.22261 0.07696 0.26689 0.1373 0.1529 0.1451
v 0.22100 0.08158 0.26689 0.1373 0.1529 0.1451
v 0.22360 0.07696 0.26000 0.1373 0.1529 0.1451
f 1897 1898 1899
v 0.22360 0.07696 0.26000 0.1373 0.1529 0.1451
v 0.22100 0.08158 0.26689 0.1373 0.1529 0.1451
v 0.22186 0.08196 0.26000 0.1373 0.1529 0.1451
f 1900 1901 1902
v 0.22100 0.08158 0.26689 0.1373 0.1529 0.1451
v 0.21661 0.08496 0.26689 0.1373 0.1529 0.1451
v 0.22186 0.08196 0.26000 0.1373 0.1529 0.1451
f 1903 1904 1905
v 0.22186 0.08196 0.26000 0.1373 0.1529 0.1451
v 0.21661 0.08496 0.26689 0.1373 0.1529 0.1451
v 0.21710 0.08562 0.26000 0.1373 0.1529 0.1451
f 1906 1907 1908
v 0.21661 0.08496 0.26689 0.1373 0.1529 0.1451
v 0.21060 0.08620 0.26689 0.1373 0.1529 0.1451
v 0.21710 0.08562 0.26000 0.1373 0.1529 0.1451
f 1909 1910 1911
v 0.21710 0.08562 0.26000 0.1373 0.1529 0.1451
v 0.21060 0.08620 0.26689 0.1373 0.1529 0.1451
v 0.21060 0.08696 0.26000 0.1373 0.1529 0.1451
f 1912 1913 1914
v 0.21060 0.08620 0.26689 0.1373 0.1529 0.1451
v 0.20459 0.08496 0.26689 0.1373 0.1529 0.1451
v 0.21060 0.08696 0.26000 0.1373 0.1529 0.1451
f 1915 1916 1917
v 0.21060 0.08696 0.26000 0.1373 0.1529 0.1451
v 0.20459 0.08496 0.26689 0.1373 0.1529 0.1451
v 0.20410 0.08562 0.26000 0.1373 0.1529 0.1451
f 1918 1919 1920
v 0.20459 0.08496 0.26689 0.1373 0.1529 0.1451
v 0.20020 0.08158 0.26689 0.1373 0.1529 0.1451
v 0.20410 0.08562 0.26000 0.1373 0.1529 0.1451
f 1921 1922 1923
v 0.20410 0.08562 0.26000 0.1373 0.1529 0.1451
v 0.20020 0.08158 0.26689 0.1373 0.1529 0.1451
v 0.19934 0.08196 0.26000 0.1373 0.1529 0.1451
f 1924 1925 1926
v 0.20020 0.08158 0.26689 0.1373 0.1529 0.1451
v 0.19859 0.07696 0.26689 0.1373 0.1529 0.1451
v 0.19934 0.08196 0.26000 0.1373 0.1529 0.1451
f 1927 1928 1929
v 0.19934 0.08196 0.26000 0.1373 0.1529 0.1451
v 0.19859 0.07696 0.26689 0.1373 0.1529 0.1451
v 0.19760 0.07696 0.26000 0.1373 0.1529 0.1451
f 1930 1931 1932
v 0.19859 0.07696 0.26689 0.1373 0.1529 0.1451
v 0.20020 0.07234 0.26689 0.1373 0.1529 0.1451
v 0.19760 0.07696 0.26000 0.1373 0.1529 0.1451
f 1933 1934 1935
v 0.19760 0.07696 0.26000 0.1373 0.1529 0.1451
v 0.20020 0.07234 0.26689 0.1373 0.1529 0.1451
v 0.19934 0.07196 0.26000 0.1373 0.1529 0.1451
f 1936 1937 1938
v 0.20020 0.07234 0.26689 0.1373 0.1529 0.1451
v 0.20459 0.06896 0.26689 0.1373 0.1529 0.1451
v 0.19934 0.07196 0.26000 0.1373 0.1529 0.1451
f 1939 1940 1941
v 0.19934 0.07196 0.26000 0.1373 0.1529 0.1451
v 0.20459 0.06896 0.26689 0.1373 0.1529 0.1451
v 0.20410 0.06830 0.26000 0.1373 0.1529 0.1451
f 1942 1943 1944
v 0.20459 0.06896 0.26689 0.1373 0.1529 0.1451
v 0.21060 0.06772 0.26689 0.1373 0.1529 0.1451
v 0.20410 0.06830 0.26000 0.1373 0.1529 0.1451
f 1945 1946 1947
v 0.20410 0.06830 0.26000 0.1373 0.1529 0.1451
v 0.21060 0.06772 0.26689 0.1373 0.1529 0.1451
v 0.21060 0.06696 0.26000 0.1373 0.1529 0.1451
f 1948 1949 1950
v 0.21060 0.06772 0.26689 0.1373 0.1529 0.1451
v 0.21661 0.06896 0.26689 0.1373 0.1529 0.1451
v 0.21060 0.06696 0.26000 0.1373 0.1529 0.1451
f 1951 1952 1953
v 0.21060 0.06696 0.26000 0.1373 0.1529 0.1451
v 0.21661 0.06896 0.26689 0.1373 0.1529 0.1451
v 0.21710 0.06830 0.26000 0.1373 0.1529 0.1451
f 1954 1955 1956
v 0.21661 0.06896 0.26689 0.1373 0.1529 0.1451
v 0.22100 0.07234 0.26689 0.1373 0.1529 0.1451
v 0.21710 0.06830 0.26000 0.1373 0.1529 0.1451
f 1957 1958 1959
v 0.21710 0.06830 0.26000 0.1373 0.1529 0.1451
v 0.22100 0.07234 0.26689 0.1373 0.1529 0.1451
v 0.22186 0.07196 0.26000 0.1373 0.1529 0.1451
f 1960 1961 1962
v 0.22100 0.07234 0.26689 0.1373 0.1529 0.1451
v 0.22261 0.07696 0.26689 0.1373 0.1529 0.1451
v 0.22186 0.07196 0.26000 0.1373 0.1529 0.1451
f 1963 1964 1965
v 0.22186 0.07196 0.26000 0.1373 0.1529 0.1451
v 0.22261 0.07696 0.26689 0.1373 0.1529 0.1451
v 0.22360 0.07696 0.26000 0.1373 0.1529 0.1451
f 1966 1967 1968
v 0.22360 0.07696 0.26000 0.1373 0.1529 0.1451
v 0.22186 0.08196 0.26000 0.1373 0.1529 0.1451
v 0.22261 0.07696 0.25311 0.1373 0.1529 0.1451
f 1969 1970 1971
v 0.22261 0.07696 0.25311 0.1373 0.1529 0.1451
v 0.22186 0.08196 0.26000 0.1373 0.1529 0.1451
v 0.22100 0.08158 0.25311 0.1373 0.1529 0.1451
f 1972 1973 1974
v 0.22186 0.08196 0.26000 0.1373 0.1529 0.1451
v 0.21710 0.08562 0.26000 0.1373 0.1529 0.1451
v 0.22100 0.08158 0.25311 0.1373 0.1529 0.1451
f 1975 1976 1977
v 0.22100 0.08158 0.25311 0.1373 0.1529 0.1451
v 0.21710 0.08562 0.26000 0.1373 0.1529 0.1451
v 0.21661 0.08496 0.25311 0.1373 0.1529 0.1451
f 1978 1979 1980
v 0.21710 0.08562 0.26000 0.1373 0.1529 0.1451
v 0.21060 0.08696 0.26000 0.1373 0.1529 0.1451
v 0.21661 0.08496 0.25311 0.1373 0.1529 0.1451
f 1981 1982 1983
v 0.21661 0.08496 0.25311 0.1373 0.1529 0.1451
v 0.21060 0.08696 0.26000 0.1373 0.1529 0.1451
v 0.21060 0.08620 0.25311 0.1373 0.1529 0.1451
f 1984 1985 1986
v 0.21060 0.08696 0.26000 0.1373 0.1529 0.1451
v 0.20410 0.08562 0.26000 0.1373 0.1529 0.1451
v 0.21060 0.08620 0.25311 0.1373 0.1529 0.1451
f 1987 1988 1989
v 0.21060 0.08620 0.25311 0.1373 0.1529 0.1451
v 0.20410 0.08562 0.26000 0.1373 0.1529 0.1451
v 0.20459 0.08496 0.25311 0.1373 0.1529 0.1451
f 1990 1991 1992
v 0.20410 0.08562 0.26000 0.1373 0.1529 0.1451
v 0.19934 0.08196 0.26000 0.1373 0.1529 0.1451
v 0.20459 0.08496 0.25311 0.1373 0.1529 0.1451
f 1993 1994 1995
v 0.20459 0.08496 0.25311 0.1373 0.1529 0.1451
v 0.19934 0.08196 0.26000 0.1373 0.1529 0.1451
v 0.20020 0.08158 0.25311 0.1373 0.1529 0.1451
f 1996 1997 1998
v 0.19934 0.08196 0.26000 0.1373 0.1529 0.1451
v 0.19760 0.07696 0.26000 0.1373 0.1529 0.1451
v 0.20020 0.08158 0.25311 0.1373 0.1529 0.1451
f 1999 2000 2001
v 0.20020 0.08158 0.25311 0.1373 0.1529 0.1451
v 0.19760 0.07696 0.26000 0.1373 0.1529 0.1451
v 0.19859 0.07696 0.25311 0.1373 0.1529 0.1451
f 2002 2003 2004
v 0.19760 0.07696 0.26000 0.1373 0.1529 0.1451
v 0.19934 0.07196 0.26000 0.1373 0.1529 0.1451
v 0.19859 0.07696 0.25311 0.1373 0.1529 0.1451
f 2005 2006 2007
v 0.19859 0.07696 0.25311 0.1373 0.1529 0.1451
v 0.19934 0.07196 0.26000 0.1373 0.1529 0.1451
v 0.20020 0.07234 0.25311 0.1373 0.1529 0.1451
f 2008 2009 2010
v 0.19934 0.07196 0.26000 0.1373 0.1529 0.1451
v 0.20410 0.06830 0.26000 0.1373 0.1529 0.1451
v 0.20020 0.07234 0.25311 0.1373 0.1529 0.1451
f 2011 2012 2013
v 0.20020 0.07234 0.25311 0.1373 0.1529 0.1451
v 0.20410 0.06830 0.26000 0.1373 0.1529 0.1451
v 0.20459 0.06896 0.25311 0.1373 0.1529 0.1451
f 2014 2015 2016
v 0.20410 0.06830 0.26000 0.1373 0.1529 0.1451
v 0.21060 0.06696 0.26000 0.1373 0.1529 0.1451
v 0.20459 0.06896 0.25311 0.1373 0.1529 0.1451
f 2017 2018 2019
v 0.20459 0.06896 0.25311 0.1373 0.1529 0.1451
v 0.21060 0.06696 0.26000 0.1373 0.1529 0.1451
v 0.21060 0.06772 0.25311 0.1373 0.1529 0.1451
f 2020 2021 2022
v 0.21060 0.06696 0.26000 0.1373 0.1529 0.1451
v 0.21710 0.06830 0.26000 0.1373 0.1529 0.1451
v 0.21060 0.06772 0.25311 0.1373 0.1529 0.1451
f 2023 2024 2025
v 0.21060 0.06772 0.25311 0.1373 0.1529 0.1451
v 0.21710 0.06830 0.26000 0.1373 0.1529 0.1451
v 0.21661 0.06896 0.25311 0.1373 0.1529 0.1451
f 2026 2027 2028
v 0.21710 0.06830 0.26000 0.1373 0.1529 0.1451
v 0.22186 0.07196 0.26000 0.1373 0.1529 0.1451
v 0.21661 0.06896 0.25311 0.1373 0.1529 0.1451
f 2029 2030 2031
v 0.21661 0.06896 0.25311 0.1373 0.1529 0.1451
v 0.22186 0.07196 0.26000 0.1373 0.1529 0.1451
v 0.22100 0.07234 0.25311 0.1373 0.1529 0.1451
f 2032 2033 2034
v 0.22186 0.07196 0.26000 0.1373 0.1529 0.1451
v 0.22360 0.07696 0.26000 0.1373 0.1529 0.1451
v 0.22100 0.07234 0.25311 0.1373 0.1529 0.1451
f 2035 2036 2037
v 0.22100 0.07234 0.25311 0.1373 0.1529 0.1451
v 0.22360 0.07696 0.26000 0.1373 0.1529 0.1451
v 0.22261 0.07696 0.25311 0.1373 0.1529 0.1451
f 2038 2039 2040
v 0.22261 0.07696 0.25311 0.1373 0.1529 0.1451
v 0.22100 0.08158 0.25311 0.1373 0.1529 0.1451
v 0.21979 0.07696 0.24727 0.1373 0.1529 0.1451
f 2041 2042 2043
v 0.21979 0.07696 0.24727 0.1373 0.1529 0.1451
v 0.22100 0.08158 0.25311 0.1373 0.1529 0.1451
v 0.21856 0.08050 0.24727 0.1373 0.1529 0.1451
f 2044 2045 2046
v 0.22100 0.08158 0.25311 0.1373 0.1529 0.1451
v 0.21661 0.08496 0.25311 0.1373 0.1529 0.1451
v 0.21856 0.08050 0.24727 0.1373 0.1529 0.1451
f 2047 2048 2049
v 0.21856 0.08050 0.24727 0.1373 0.1529 0.1451
v 0.21661 0.08496 0.25311 0.1373 0.1529 0.1451
v 0.21520 0.08308 0.24727 0.1373 0.1529 0.1451
f 2050 2051 2052
v 0.21661 0.08496 0.25311 0.1373 0.1529 0.1451
v 0.21060 0.08620 0.25311 0.1373 0.1529 0.1451
v 0.21520 0.08308 0.24727 0.1373 0.1529 0.1451
f 2053 2054 2055
v 0.21520 0.08308 0.24727 0.1373 0.1529 0.1451
v 0.21060 0.08620 0.25311 0.1373 0.1529 0.1451
v 0.21060 0.08403 0.24727 0.1373 0.1529 0.1451
f 2056 2057 2058
v 0.21060 0.08620 0.25311 0.1373 0.1529 0.1451
v 0.20459 0.08496 0.25311 0.1373 0.1529 0.1451
v 0.21060 0.08403 0.24727 0.1373 0.1529 0.1451
f 2059 2060 2061
v 0.21060 0.08403 0.24727 0.1373 0.1529 0.1451
v 0.20459 0.08496 0.25311 0.1373 0.1529 0.1451
v 0.20600 0.08308 0.24727 0.1373 0.1529 0.1451
f 2062 2063 2064
v 0.20459 0.08496 0.25311 0.1373 0.1529 0.1451
v 0.20020 0.08158 0.25311 0.1373 0.1529 0.1451
v 0.20600 0.08308 0.24727 0.1373 0.1529 0.1451
f 2065 2066 2067
v 0.20600 0.08308 0.24727 0.1373 0.1529 0.1451
v 0.20020 0.08158 0.25311 0.1373 0.1529 0.1451
v 0.20264 0.08050 0.24727 0.1373 0.1529 0.1451
f 2068 2069 2070
v 0.20020 0.08158 0.25311 0.1373 0.1529 0.1451
v 0.19859 0.07696 0.25311 0.1373 0.1529 0.1451
v 0.20264 0.08050 0.24727 0.1373 0.1529 0.1451
f 2071 2072 2073
v 0.20264 0.08050 0.24727 0.1373 0.1529 0.1451
v 0.19859 0.07696 0.25311 0.1373 0.1529 0.1451
v 0.20141 0.07696 0.24727 0.1373 0.1529 0.1451
f 2074 2075 2076
v 0.19859 0.07696 0.25311 0.1373 0.1529 0.1451
v 0.20020 0.07234 0.25311 0.1373 0.1529 0.1451
v 0.20141 0.07696 0.24727 0.1373 0.1529 0.1451
f 2077 2078 2079
v 0.20141 0.07696 0.24727 0.1373 0.1529 0.1451
v 0.20020 0.07234 0.25311 0.1373 0.1529 0.1451
v 0.20264 0.07342 0.24727 0.1373 0.1529 0.1451
f 2080 2081 2082
v 0.20020 0.07234 0.25311 0.1373 0.1529 0.1451
v 0.20459 0.06896 0.25311 0.1373 0.1529 0.1451
v 0.20264 0.07342 0.24727 0.1373 0.1529 0.1451
f 2083 2084 2085
v 0.20264 0.07342 0.24727 0.1373 0.1529 0.1451
v 0.20459 0.06896 0.25311 0.1373 0.1529 0.1451
v 0.20600 0.07084 0.24727 0.1373 0.1529 0.1451
f 2086 2087 2088
v 0.20459 0.06896 0.25311 0.1373 0.1529 0.1451
v 0.21060 0.06772 0.25311 0.1373 0.1529 0.1451
v 0.20600 0.07084 0.24727 0.1373 0.1529 0.1451
f 2089 2090 2091
v 0.20600 0.07084 0.24727 0.1373 0.1529 0.1451
v 0.21060 0.06772 0.25311 0.1373 0.1529 0.1451
v 0.21060 0.06989 0.24727 0.1373 0.1529 0.1451
f 2092 2093 2094
v 0.21060 0.06772 0.25311 0.1373 0.1529 0.1451
v 0.21661 0.06896 0.25311 0.1373 0.1529 0.1451
v 0.21060 0.06989 0.24727 0.1373 0.1529 0.1451
f 2095 2096 2097
v 0.21060 0.06989 0.24727 0.1373 0.1529 0.1451
v 0.21661 0.06896 0.25311 0.1373 0.1529 0.1451
v 0.21520 0.07084 0.24727 0.1373 0.1529 0.1451
f 2098 2099 2100
v 0.21661 0.06896 0.25311 0.1373 0.1529 0.1451
v 0.22100 0.07234 0.25311 0.1373 0.1529 0.1451
v 0.21520 0.07084 0.24727 0.1373 0.1529 0.1451
f 2101 2102 2103
v 0.21520 0.07084 0.24727 0.1373 0.1529 0.1451
v 0.22100 0.07234 0.25311 0.1373 0.1529 0.1451
v 0.21856 0.07342 0.24727 0.1373 0.1529 0.1451
f 2104 2105 2106
v 0.22100 0.07234 0.25311 0.1373 0.1529 0.1451
v 0.22261 0.07696 0.25311 0.1373 0.1529 0.1451
v 0.21856 0.07342 0.24727 0.1373 0.1529 0.1451
f 2107 2108 2109
v 0.21856 0.07342 0.24727 0.1373 0.1529 0.1451
v 0.22261 0.07696 0.25311 0.1373 0.1529 0.1451
v 0.21979 0.07696 0.24727 0.1373 0.1529 0.1451
f 2110 2111 2112
v 0.21979 0.07696 0.24727 0.1373 0.1529 0.1451
v 0.21856 0.08050 0.24727 0.1373 0.1529 0.1451
v 0.21557 0.07696 0.24337 0.1373 0.1529 0.1451
f 2113 2114 2115
v 0.21557 0.07696 0.24337 0.1373 0.1529 0.1451
v 0.21856 0.08050 0.24727 0.1373 0.1529 0.1451
v 0.21491 0.07887 0.24337 0.1373 0.1529 0.1451
f 2116 2117 2118
v 0.21856 0.08050 0.24727 0.1373 0.1529 0.1451
v 0.21520 0.08308 0.24727 0.1373 0.1529 0.1451
v 0.21491 0.07887 0.24337 0.1373 0.1529 0.1451
f 2119 2120 2121
v 0.21491 0.07887 0.24337 0.1373 0.1529 0.1451
v 0.21520 0.08308 0.24727 0.1373 0.1529 0.1451
v 0.21309 0.08027 0.24337 0.1373 0.1529 0.1451
f 2122 2123 2124
v 0.21520 0.08308 0.24727 0.1373 0.1529 0.1451
v 0.21060 0.08403 0.24727 0.1373 0.1529 0.1451
v 0.21309 0.08027 0.24337 0.1373 0.1529 0.1451
f 2125 2126 2127
v 0.21309 0.08027 0.24337 0.1373 0.1529 0.1451
v 0.21060 0.08403 0.24727 0.1373 0.1529 0.1451
v 0.21060 0.08079 0.24337 0.1373 0.1529 0.1451
f 2128 2129 2130
v 0.21060 0.08403 0.24727 0.1373 0.1529 0.1451
v 0.20600 0.08308 0.24727 0.1373 0.1529 0.1451
v 0.21060 0.08079 0.24337 0.1373 0.1529 0.1451
f 2131 2132 2133
v 0.21060 0.08079 0.24337 0.1373 0.1529 0.1451
v 0.20600 0.08308 0.24727 0.1373 0.1529 0.1451
v 0.20811 0.08027 0.24337 0.1373 0.1529 0.1451
f 2134 2135 2136
v 0.20600 0.08308 0.24727 0.1373 0.1529 0.1451
v 0.20264 0.08050 0.24727 0.1373 0.1529 0.1451
v 0.20811 0.08027 0.24337 0.1373 0.1529 0.1451
f 2137 2138 2139
v 0.20811 0.08027 0.24337 0.1373 0.1529 0.1451
v 0.20264 0.08050 0.24727 0.1373 0.1529 0.1451
v 0.20629 0.07887 0.24337 0.1373 0.1529 0.1451
f 2140 2141 2142
v 0.20264 0.08050 0.24727 0.1373 0.1529 0.1451
v 0.20141 0.07696 0.24727 0.1373 0.1529 0.1451
v 0.20629 0.07887 0.24337 0.1373 0.1529 0.1451
f 2143 2144 2145
v 0.20629 0.07887 0.24337 0.1373 0.1529 0.1451
v 0.20141 0.07696 0.24727 0.1373 0.1529 0.1451
v 0.20563 0.07696 0.24337 0.1373 0.1529 0.1451
f 2146 2147 2148
v 0.20141 0.07696 0.24727 0.1373 0.1529 0.1451
v 0.20264 0.07342 0.24727 0.1373 0.1529 0.1451
v 0.20563 0.07696 0.24337 0.1373 0.1529 0.1451
f 2149 2150 2151
v 0.20563 0.07696 0.24337 0.1373 0.1529 0.1451
v 0.20264 0.07342 0.24727 0.1373 0.1529 0.1451
v 0.20629 0.07505 0.24337 0.1373 0.1529 0.1451
f 2152 2153 2154
v 0.20264 0.07342 0.24727 0.1373 0.1529 0.1451
v 0.20600 0.07084 0.24727 0.1373 0.1529 0.1451
v 0.20629 0.07505 0.24337 0.1373 0.1529 0.1451
f 2155 2156 2157
v 0.20629 0.07505 0.24337 0.1373 0.1529 0.1451
v 0.20600 0.07084 0.24727 0.1373 0.1529 0.1451
v 0.20811 0.07365 0.24337 0.1373 0.1529 0.1451
f 2158 2159 2160
v 0.20600 0.07084 0.24727 0.1373 0.1529 0.1451
v 0.21060 0.06989 0.24727 0.1373 0.1529 0.1451
v 0.20811 0.07365 0.24337 0.1373 0.1529 0.1451
f 2161 2162 2163
v 0.20811 0.07365 0.24337 0.1373 0.1529 0.1451
v 0.21060 0.06989 0.24727 0.1373 0.1529 0.1451
v 0.21060 0.07313 0.24337 0.1373 0.1529 0.1451
f 2164 2165 2166
v 0.21060 0.06989 0.24727 0.1373 0.1529 0.1451
v 0.21520 0.07084 0.24727 0.1373 0.1529 0.1451
v 0.21060 0.07313 0.24337 0.1373 0.1529 0.1451
f 2167 2168 2169
v 0.21060 0.07313 0.24337 0.1373 0.1529 0.1451
v 0.21520 0.07084 0.24727 0.1373 0.1529 0.1451
v 0.21309 0.07365 0.24337 0.1373 0.1529 0.1451
f 2170 2171 2172
v 0.21520 0.07084 0.24727 0.1373 0.1529 0.1451
v 0.21856 0.07342 0.24727 0.1373 0.1529 0.1451
v 0.21309 0.07365 0.24337 0.1373 0.1529 0.1451
f 2173 2174 2175
v 0.21309 0.07365 0.24337 0.1373 0.1529 0.1451
v 0.21856 0.07342 0.24727 0.1373 0.1529 0.1451
v 0.21491 0.07505 0.24337 0.1373 0.1529 0.1451
f 2176 2177 2178
v 0.21856 0.07342 0.24727 0.1373 0.1529 0.1451
v 0.21979 0.07696 0.24727 0.1373 0.1529 0.1451
v 0.21491 0.07505 0.24337 0.1373 0.1529 0.1451
f 2179 2180 2181
v 0.21491 0.07505 0.24337 0.1373 0.1529 0.1451
v 0.21979 0.07696 0.24727 0.1373 0.1529 0.1451
v 0.21557 0.07696 0.24337 0.1373 0.1529 0.1451
f 2182 2183 2184
v 0.21557 0.07696 0.24337 0.1373 0.1529 0.1451
v 0.21491 0.07887 0.24337 0.1373 0.1529 0.1451
v 0.21060 0.07696 0.24200 0.1373 0.1529 0.1451
f 2185 2186 2187
v 0.21491 0.07887 0.24337 0.1373 0.1529 0.1451
v 0.21309 0.08027 0.24337 0.1373 0.1529 0.1451
v 0.21060 0.07696 0.24200 0.1373 0.1529 0.1451
f 2188 2189 2190
v 0.21309 0.08027 0.24337 0.1373 0.1529 0.1451
v 0.21060 0.08079 0.24337 0.1373 0.1529 0.1451
v 0.21060 0.07696 0.24200 0.1373 0.1529 0.1451
f 2191 2192 2193
v 0.21060 0.08079 0.24337 0.1373 0.1529 0.1451
v 0.20811 0.08027 0.24337 0.1373 0.1529 0.1451
v 0.21060 0.07696 0.24200 0.1373 0.1529 0.1451
f 2194 2195 2196
v 0.20811 0.08027 0.24337 0.1373 0.1529 0.1451
v 0.20629 0.07887 0.24337 0.1373 0.1529 0.1451
v 0.21060 0.07696 0.24200 0.1373 0.1529 0.1451
f 2197 2198 2199
v 0.20629 0.07887 0.24337 0.1373 0.1529 0.1451
v 0.20563 0.07696 0.24337 0.1373 0.1529 0.1451
v 0.21060 0.07696 0.24200 0.1373 0.1529 0.1451
f 2200 2201 2202
v 0.20563 0.07696 0.24337 0.1373 0.1529 0.1451
v 0.20629 0.07505 0.24337 0.1373 0.1529 0.1451
v 0.21060 0.07696 0.24200 0.1373 0.1529 0.1451
f 2203 2204 2205
v 0.20629 0.07505 0.24337 0.1373 0.1529 0.1451
v 0.20811 0.07365 0.24337 0.1373 0.1529 0.1451
v 0.21060 0.07696 0.24200 0.1373 0.1529 0.1451
f 2206 2207 2208
v 0.20811 0.07365 0.24337 0.1373 0.1529 0.1451
v 0.21060 0.07313 0.24337 0.1373 0.1529 0.1451
v 0.21060 0.07696 0.24200 0.1373 0.1529 0.1451
f 2209 2210 2211
v 0.21060 0.07313 0.24337 0.1373 0.1529 0.1451
v 0.21309 0.07365 0.24337 0.1373 0.1529 0.1451
v 0.21060 0.07696 0.24200 0.1373 0.1529 0.1451
f 2212 2213 2214
v 0.21309 0.07365 0.24337 0.1373 0.1529 0.1451
v 0.21491 0.07505 0.24337 0.1373 0.1529 0.1451
v 0.21060 0.07696 0.24200 0.1373 0.1529 0.1451
f 2215 2216 2217
v 0.21491 0.07505 0.24337 0.1373 0.1529 0.1451
v 0.21557 0.07696 0.24337 0.1373 0.1529 0.1451
v 0.21060 0.07696 0.24200 0.1373 0.1529 0.1451
f 2218 2219 2220
v -0.07112 0.17190 0.07161 0.8902 0.6627 0.2431
v -0.08237 0.17838 0.06814 0.8902 0.6627 0.2431
v -0.07443 0.16782 0.07057 0.8902 0.6627 0.2431
f 2221 2222 2223
v -0.07443 0.16782 0.07057 0.8902 0.6627 0.2431
v -0.08237 0.17838 0.06814 0.8902 0.6627 0.2431
v -0.07911 0.16613 0.07257 0.8902 0.6627 0.2431
f 2224 2225 2226
v -0.07911 0.16613 0.07257 0.8902 0.6627 0.2431
v -0.08237 0.17838 0.06814 0.8902 0.6627 0.2431
v -0.08240 0.16782 0.07644 0.8902 0.6627 0.2431
f 2227 2228 2229
v -0.08240 0.16782 0.07644 0.8902 0.6627 0.2431
v -0.08237 0.17838 0.06814 0.8902 0.6627 0.2431
v -0.08240 0.17190 0.07991 0.8902 0.6627 0.2431
f 2230 2231 2232
v -0.08240 0.17190 0.07991 0.8902 0.6627 0.2431
v -0.08237 0.17838 0.06814 0.8902 0.6627 0.2431
v -0.07909 0.17598 0.08095 0.8902 0.6627 0.2431
f 2233 2234 2235
v -0.07909 0.17598 0.08095 0.8902 0.6627 0.2431
v -0.08237 0.17838 0.06814 0.8902 0.6627 0.2431
v -0.07441 0.17768 0.07894 0.8902 0.6627 0.2431
f 2236 2237 2238
v -0.07441 0.17768 0.07894 0.8902 0.6627 0.2431
v -0.08237 0.17838 0.06814 0.8902 0.6627 0.2431
v -0.07112 0.17598 0.07508 0.8902 0.6627 0.2431
f 2239 2240 2241
v -0.07112 0.17598 0.07508 0.8902 0.6627 0.2431
v -0.08237 0.17838 0.06814 0.8902 0.6627 0.2431
v -0.07112 0.17190 0.07161 0.8902 0.6627 0.2431
f 2242 2243 2244
v -0.07112 0.17190 0.07161 0.8902 0.6627 0.2431
v -0.07443 0.16782 0.07057 0.8902 0.6627 0.2431
v -0.05167 0.15419 0.08938 0.8902 0.6627 0.2431
f 2245 2246 2247
v -0.05167 0.15419 0.08938 0.8902 0.6627 0.2431
v -0.07443 0.16782 0.07057 0.8902 0.6627 0.2431
v -0.05740 0.14712 0.08758 0.8902 0.6627 0.2431
f 2248 2249 2250
v -0.07443 0.16782 0.07057 0.8902 0.6627 0.2431
v -0.07911 0.16613 0.07257 0.8902 0.6627 0.2431
v -0.05740 0.14712 0.08758 0.8902 0.6627 0.2431
f 2251 2252 2253
v -0.05740 0.14712 0.08758 0.8902 0.6627 0.2431
v -0.07911 0.16613 0.07257 0.8902 0.6627 0.2431
v -0.06550 0.14419 0.09105 0.8902 0.6627 0.2431
f 2254 2255 2256
v -0.07911 0.16613 0.07257 0.8902 0.6627 0.2431
v -0.08240 0.16782 0.07644 0.8902 0.6627 0.2431
v -0.06550 0.14419 0.09105 0.8902 0.6627 0.2431
f 2257 2258 2259
v -0.06550 0.14419 0.09105 0.8902 0.6627 0.2431
v -0.08240 0.16782 0.07644 0.8902 0.6627 0.2431
v -0.07121 0.14712 0.09775 0.8902 0.6627 0.2431
f 2260 2261 2262
v -0.08240 0.16782 0.07644 0.8902 0.6627 0.2431
v -0.08240 0.17190 0.07991 0.8902 0.6627 0.2431
v -0.07121 0.14712 0.09775 0.8902 0.6627 0.2431
f 2263 2264 2265
v -0.07121 0.14712 0.09775 0.8902 0.6627 0.2431
v -0.08240 0.17190 0.07991 0.8902 0.6627 0.2431
v -0.07120 0.15419 0.10376 0.8902 0.6627 0.2431
f 2266 2267 2268
v -0.08240 0.17190 0.07991 0.8902 0.6627 0.2431
v -0.07909 0.17598 0.08095 0.8902 0.6627 0.2431
v -0.07120 0.15419 0.10376 0.8902 0.6627 0.2431
f 2269 2270 2271
v -0.07120 0.15419 0.10376 0.8902 0.6627 0.2431
v -0.07909 0.17598 0.08095 0.8902 0.6627 0.2431
v -0.06546 0.16126 0.10556 0.8902 0.6627 0.2431
f 2272 2273 2274
v -0.07909 0.17598 0.08095 0.8902 0.6627 0.2431
v -0.07441 0.17768 0.07894 0.8902 0.6627 0.2431
v -0.06546 0.16126 0.10556 0.8902 0.6627 0.2431
f 2275 2276 2277
v -0.06546 0.16126 0.10556 0.8902 0.6627 0.2431
v -0.07441 0.17768 0.07894 0.8902 0.6627 0.2431
v -0.05737 0.16419 0.10209 0.8902 0.6627 0.2431
f 2278 2279 2280
v -0.07441 0.17768 0.07894 0.8902 0.6627 0.2431
v -0.07112 0.17598 0.07508 0.8902 0.6627 0.2431
v -0.05737 0.16419 0.10209 0.8902 0.6627 0.2431
f 2281 2282 2283
v -0.05737 0.16419 0.10209 0.8902 0.6627 0.2431
v -0.07112 0.17598 0.07508 0.8902 0.6627 0.2431
v -0.05166 0.16126 0.09539 0.8902 0.6627 0.2431
f 2284 2285 2286
v -0.07112 0.17598 0.07508 0.8902 0.6627 0.2431
v -0.07112 0.17190 0.07161 0.8902 0.6627 0.2431
v -0.05166 0.16126 0.09539 0.8902 0.6627 0.2431
f 2287 2288 2289
v -0.05166 0.16126 0.09539 0.8902 0.6627 0.2431
v -0.07112 0.17190 0.07161 0.8902 0.6627 0.2431
v -0.05167 0.15419 0.08938 0.8902 0.6627 0.2431
f 2290 2291 2292
v -0.05167 0.15419 0.08938 0.8902 0.6627 0.2431
v -0.05740 0.14712 0.08758 0.8902 0.6627 0.2431
v -0.02923 0.13000 0.11670 0.8902 0.6627 0.2431
f 2293 2294 2295
v -0.02923 0.13000 0.11670 0.8902 0.6627 0.2431
v -0.05740 0.14712 0.08758 0.8902 0.6627 0.2431
v -0.03585 0.12183 0.11462 0.8902 0.6627 0.2431
f 2296 2297 2298
v -0.05740 0.14712 0.08758 0.8902 0.6627 0.2431
v -0.06550 0.14419 0.09105 0.8902 0.6627 0.2431
v -0.03585 0.12183 0.11462 0.8902 0.6627 0.2431
f 2299 2300 2301
v -0.03585 0.12183 0.11462 0.8902 0.6627 0.2431
v -0.06550 0.14419 0.09105 0.8902 0.6627 0.2431
v -0.04519 0.11845 0.11863 0.8902 0.6627 0.2431
f 2302 2303 2304
v -0.06550 0.14419 0.09105 0.8902 0.6627 0.2431
v -0.07121 0.14712 0.09775 0.8902 0.6627 0.2431
v -0.04519 0.11845 0.11863 0.8902 0.6627 0.2431
f 2305 2306 2307
v -0.04519 0.11845 0.11863 0.8902 0.6627 0.2431
v -0.07121 0.14712 0.09775 0.8902 0.6627 0.2431
v -0.05179 0.12183 0.12636 0.8902 0.6627 0.2431
f 2308 2309 2310
v -0.07121 0.14712 0.09775 0.8902 0.6627 0.2431
v -0.07120 0.15419 0.10376 0.8902 0.6627 0.2431
v -0.05179 0.12183 0.12636 0.8902 0.6627 0.2431
f 2311 2312 2313
v -0.05179 0.12183 0.12636 0.8902 0.6627 0.2431
v -0.07120 0.15419 0.10376 0.8902 0.6627 0.2431
v -0.05177 0.13000 0.13330 0.8902 0.6627 0.2431
f 2314 2315 2316
v -0.07120 0.15419 0.10376 0.8902 0.6627 0.2431
v -0.06546 0.16126 0.10556 0.8902 0.6627 0.2431
v -0.05177 0.13000 0.13330 0.8902 0.6627 0.2431
f 2317 2318 2319
v -0.05177 0.13000 0.13330 0.8902 0.6627 0.2431
v -0.06546 0.16126 0.10556 0.8902 0.6627 0.2431
v -0.04515 0.13817 0.13538 0.8902 0.6627 0.2431
f 2320 2321 2322
v -0.06546 0.16126 0.10556 0.8902 0.6627 0.2431
v -0.05737 0.16419 0.10209 0.8902 0.6627 0.2431
v -0.04515 0.13817 0.13538 0.8902 0.6627 0.2431
f 2323 2324 2325
v -0.04515 0.13817 0.13538 0.8902 0.6627 0.2431
v -0.05737 0.16419 0.10209 0.8902 0.6627 0.2431
v -0.03581 0.14155 0.13137 0.8902 0.6627 0.2431
f 2326 2327 2328
v -0.05737 0.16419 0.10209 0.8902 0.6627 0.2431
v -0.05166 0.16126 0.09539 0.8902 0.6627 0.2431
v -0.03581 0.14155 0.13137 0.8902 0.6627 0.2431
f 2329 2330 2331
v -0.03581 0.14155 0.13137 0.8902 0.6627 0.2431
v -0.05166 0.16126 0.09539 0.8902 0.6627 0.2431
v -0.02921 0.13817 0.12364 0.8902 0.6627 0.2431
f 2332 2333 2334
v -0.05166 0.16126 0.09539 0.8902 0.6627 0.2431
v -0.05167 0.15419 0.08938 0.8902 0.6627 0.2431
v -0.02921 0.13817 0.12364 0.8902 0.6627 0.2431
f 2335 2336 2337
v -0.02921 0.13817 0.12364 0.8902 0.6627 0.2431
v -0.05167 0.15419 0.08938 0.8902 0.6627 0.2431
v -0.02923 0.13000 0.11670 0.8902 0.6627 0.2431
f 2338 2339 2340
v -0.02923 0.13000 0.11670 0.8902 0.6627 0.2431
v -0.03585 0.12183 0.11462 0.8902 0.6627 0.2431
v -0.00980 0.10581 0.14624 0.8902 0.6627 0.2431
f 2341 2342 2343
v -0.00980 0.10581 0.14624 0.8902 0.6627 0.2431
v -0.03585 0.12183 0.11462 0.8902 0.6627 0.2431
v -0.01554 0.09874 0.14444 0.8902 0.6627 0.2431
f 2344 2345 2346
v -0.03585 0.12183 0.11462 0.8902 0.6627 0.2431
v -0.04519 0.11845 0.11863 0.8902 0.6627 0.2431
v -0.01554 0.09874 0.14444 0.8902 0.6627 0.2431
f 2347 2348 2349
v -0.01554 0.09874 0.14444 0.8902 0.6627 0.2431
v -0.04519 0.11845 0.11863 0.8902 0.6627 0.2431
v -0.02363 0.09581 0.14791 0.8902 0.6627 0.2431
f 2350 2351 2352
v -0.04519 0.11845 0.11863 0.8902 0.6627 0.2431
v -0.05179 0.12183 0.12636 0.8902 0.6627 0.2431
v -0.02363 0.09581 0.14791 0.8902 0.6627 0.2431
f 2353 2354 2355
v -0.02363 0.09581 0.14791 0.8902 0.6627 0.2431
v -0.05179 0.12183 0.12636 0.8902 0.6627 0.2431
v -0.02934 0.09874 0.15461 0.8902 0.6627 0.2431
f 2356 2357 2358
v -0.05179 0.12183 0.12636 0.8902 0.6627 0.2431
v -0.05177 0.13000 0.13330 0.8902 0.6627 0.2431
v -0.02934 0.09874 0.15461 0.8902 0.6627 0.2431
f 2359 2360 2361
v -0.02934 0.09874 0.15461 0.8902 0.6627 0.2431
v -0.05177 0.13000 0.13330 0.8902 0.6627 0.2431
v -0.02933 0.10581 0.16062 0.8902 0.6627 0.2431
f 2362 2363 2364
v -0.05177 0.13000 0.13330 0.8902 0.6627 0.2431
v -0.04515 0.13817 0.13538 0.8902 0.6627 0.2431
v -0.02933 0.10581 0.16062 0.8902 0.6627 0.2431
f 2365 2366 2367
v -0.02933 0.10581 0.16062 0.8902 0.6627 0.2431
v -0.04515 0.13817 0.13538 0.8902 0.6627 0.2431
v -0.02360 0.11288 0.16242 0.8902 0.6627 0.2431
f 2368 2369 2370
v -0.04515 0.13817 0.13538 0.8902 0.6627 0.2431
v -0.03581 0.14155 0.13137 0.8902 0.6627 0.2431
v -0.02360 0.11288 0.16242 0.8902 0.6627 0.2431
f 2371 2372 2373
v -0.02360 0.11288 0.16242 0.8902 0.6627 0.2431
v -0.03581 0.14155 0.13137 0.8902 0.6627 0.2431
v -0.01550 0.11581 0.15895 0.8902 0.6627 0.2431
f 2374 2375 2376
v -0.03581 0.14155 0.13137 0.8902 0.6627 0.2431
v -0.02921 0.13817 0.12364 0.8902 0.6627 0.2431
v -0.01550 0.11581 0.15895 0.8902 0.6627 0.2431
f 2377 2378 2379
v -0.01550 0.11581 0.15895 0.8902 0.6627 0.2431
v -0.02921 0.13817 0.12364 0.8902 0.6627 0.2431
v -0.00979 0.11288 0.15225 0.8902 0.6627 0.2431
f 2380 2381 2382
v -0.02921 0.13817 0.12364 0.8902 0.6627 0.2431
v -0.02923 0.13000 0.11670 0.8902 0.6627 0.2431
v -0.00979 0.11288 0.15225 0.8902 0.6627 0.2431
f 2383 2384 2385
v -0.00979 0.11288 0.15225 0.8902 0.6627 0.2431
v -0.02923 0.13000 0.11670 0.8902 0.6627 0.2431
v -0.00980 0.10581 0.14624 0.8902 0.6627 0.2431
f 2386 2387 2388
v -0.00980 0.10581 0.14624 0.8902 0.6627 0.2431
v -0.01554 0.09874 0.14444 0.8902 0.6627 0.2431
v 0.00140 0.08810 0.17009 0.8902 0.6627 0.2431
f 2389 2390 2391
v 0.00140 0.08810 0.17009 0.8902 0.6627 0.2431
v -0.01554 0.09874 0.14444 0.8902 0.6627 0.2431
v -0.00191 0.08402 0.16905 0.8902 0.6627 0.2431
f 2392 2393 2394
v -0.01554 0.09874 0.14444 0.8902 0.6627 0.2431
v -0.02363 0.09581 0.14791 0.8902 0.6627 0.2431
v -0.00191 0.08402 0.16905 0.8902 0.6627 0.2431
f 2395 2396 2397
v -0.00191 0.08402 0.16905 0.8902 0.6627 0.2431
v -0.02363 0.09581 0.14791 0.8902 0.6627 0.2431
v -0.00659 0.08232 0.17106 0.8902 0.6627 0.2431
f 2398 2399 2400
v -0.02363 0.09581 0.14791 0.8902 0.6627 0.2431
v -0.02934 0.09874 0.15461 0.8902 0.6627 0.2431
v -0.00659 0.08232 0.17106 0.8902 0.6627 0.2431
f 2401 2402 2403
v -0.00659 0.08232 0.17106 0.8902 0.6627 0.2431
v -0.02934 0.09874 0.15461 0.8902 0.6627 0.2431
v -0.00988 0.08402 0.17492 0.8902 0.6627 0.2431
f 2404 2405 2406
v -0.02934 0.09874 0.15461 0.8902 0.6627 0.2431
v -0.02933 0.10581 0.16062 0.8902 0.6627 0.2431
v -0.00988 0.08402 0.17492 0.8902 0.6627 0.2431
f 2407 2408 2409
v -0.00988 0.08402 0.17492 0.8902 0.6627 0.2431
v -0.02933 0.10581 0.16062 0.8902 0.6627 0.2431
v -0.00988 0.08810 0.17839 0.8902 0.6627 0.2431
f 2410 2411 2412
v -0.02933 0.10581 0.16062 0.8902 0.6627 0.2431
v -0.02360 0.11288 0.16242 0.8902 0.6627 0.2431
v -0.00988 0.08810 0.17839 0.8902 0.6627 0.2431
f 2413 2414 2415
v -0.00988 0.08810 0.17839 0.8902 0.6627 0.2431
v -0.02360 0.11288 0.16242 0.8902 0.6627 0.2431
v -0.00657 0.09218 0.17943 0.8902 0.6627 0.2431
f 2416 2417 2418
v -0.02360 0.11288 0.16242 0.8902 0.6627 0.2431
v -0.01550 0.11581 0.15895 0.8902 0.6627 0.2431
v -0.00657 0.09218 0.17943 0.8902 0.6627 0.2431
f 2419 2420 2421
v -0.00657 0.09218 0.17943 0.8902 0.6627 0.2431
v -0.01550 0.11581 0.15895 0.8902 0.6627 0.2431
v -0.00189 0.09387 0.17743 0.8902 0.6627 0.2431
f 2422 2423 2424
v -0.01550 0.11581 0.15895 0.8902 0.6627 0.2431
v -0.00979 0.11288 0.15225 0.8902 0.6627 0.2431
v -0.00189 0.09387 0.17743 0.8902 0.6627 0.2431
f 2425 2426 2427
v -0.00189 0.09387 0.17743 0.8902 0.6627 0.2431
v -0.00979 0.11288 0.15225 0.8902 0.6627 0.2431
v 0.00140 0.09218 0.17356 0.8902 0.6627 0.2431
f 2428 2429 2430
v -0.00979 0.11288 0.15225 0.8902 0.6627 0.2431
v -0.00980 0.10581 0.14624 0.8902 0.6627 0.2431
v 0.00140 0.09218 0.17356 0.8902 0.6627 0.2431
f 2431 2432 2433
v 0.00140 0.09218 0.17356 0.8902 0.6627 0.2431
v -0.00980 0.10581 0.14624 0.8902 0.6627 0.2431
v 0.00140 0.08810 0.17009 0.8902 0.6627 0.2431
f 2434 2435 2436
v 0.00140 0.08810 0.17009 0.8902 0.6627 0.2431
v -0.00191 0.08402 0.16905 0.8902 0.6627 0.2431
v 0.00137 0.08162 0.18186 0.8902 0.6627 0.2431
f 2437 2438 2439
v -0.00191 0.08402 0.16905 0.8902 0.6627 0.2431
v -0.00659 0.08232 0.17106 0.8902 0.6627 0.2431
v 0.00137 0.08162 0.18186 0.8902 0.6627 0.2431
f 2440 2441 2442
v -0.00659 0.08232 0.17106 0.8902 0.6627 0.2431
v -0.00988 0.08402 0.17492 0.8902 0.6627 0.2431
v 0.00137 0.08162 0.18186 0.8902 0.6627 0.2431
f 2443 2444 2445
v -0.00988 0.08402 0.17492 0.8902 0.6627 0.2431
v -0.00988 0.08810 0.17839 0.8902 0.6627 0.2431
v 0.00137 0.08162 0.18186 0.8902 0.6627 0.2431
f 2446 2447 2448
v -0.00988 0.08810 0.17839 0.8902 0.6627 0.2431
v -0.00657 0.09218 0.17943 0.8902 0.6627 0.2431
v 0.00137 0.08162 0.18186 0.8902 0.6627 0.2431
f 2449 2450 2451
v -0.00657 0.09218 0.17943 0.8902 0.6627 0.2431
v -0.00189 0.09387 0.17743 0.8902 0.6627 0.2431
v 0.00137 0.08162 0.18186 0.8902 0.6627 0.2431
f 2452 2453 2454
v -0.00189 0.09387 0.17743 0.8902 0.6627 0.2431
v 0.00140 0.09218 0.17356 0.8902 0.6627 0.2431
v 0.00137 0.08162 0.18186 0.8902 0.6627 0.2431
f 2455 2456 2457
v 0.00140 0.09218 0.17356 0.8902 0.6627 0.2431
v 0.00140 0.08810 0.17009 0.8902 0.6627 0.2431
v 0.00137 0.08162 0.18186 0.8902 0.6627 0.2431
f 2458 2459 2460
v -0.33478 0.00000 0.21228 0.8902 0.6627 0.2431
v -0.34448 0.00000 0.23047 0.8902 0.6627 0.2431
v -0.33443 -0.01237 0.21739 0.8902 0.6627 0.2431
f 2461 2462 2463
v -0.33443 -0.01237 0.21739 0.8902 0.6627 0.2431
v -0.34448 0.00000 0.23047 0.8902 0.6627 0.2431
v -0.33360 -0.01750 0.22974 0.8902 0.6627 0.2431
f 2464 2465 2466
v -0.33360 -0.01750 0.22974 0.8902 0.6627 0.2431
v -0.34448 0.00000 0.23047 0.8902 0.6627 0.2431
v -0.33277 -0.01237 0.24208 0.8902 0.6627 0.2431
f 2467 2468 2469
v -0.33277 -0.01237 0.24208 0.8902 0.6627 0.2431
v -0.34448 0.00000 0.23047 0.8902 0.6627 0.2431
v -0.33243 -0.00000 0.24720 0.8902 0.6627 0.2431
f 2470 2471 2472
v -0.33243 -0.00000 0.24720 0.8902 0.6627 0.2431
v -0.34448 0.00000 0.23047 0.8902 0.6627 0.2431
v -0.33277 0.01237 0.24208 0.8902 0.6627 0.2431
f 2473 2474 2475
v -0.33277 0.01237 0.24208 0.8902 0.6627 0.2431
v -0.34448 0.00000 0.23047 0.8902 0.6627 0.2431
v -0.33360 0.01750 0.22974 0.8902 0.6627 0.2431
f 2476 2477 2478
v -0.33360 0.01750 0.22974 0.8902 0.6627 0.2431
v -0.34448 0.00000 0.23047 0.8902 0.6627 0.2431
v -0.33443 0.01237 0.21739 0.8902 0.6627 0.2431
f 2479 2480 2481
v -0.33443 0.01237 0.21739 0.8902 0.6627 0.2431
v -0.34448 0.00000 0.23047 0.8902 0.6627 0.2431
v -0.33478 0.00000 0.21228 0.8902 0.6627 0.2431
f 2482 2483 2484
v -0.33478 0.00000 0.21228 0.8902 0.6627 0.2431
v -0.33443 -0.01237 0.21739 0.8902 0.6627 0.2431
v -0.30590 0.00000 0.19749 0.8902 0.6627 0.2431
f 2485 2486 2487
v -0.30590 0.00000 0.19749 0.8902 0.6627 0.2431
v -0.33443 -0.01237 0.21739 0.8902 0.6627 0.2431
v -0.30531 -0.02143 0.20635 0.8902 0.6627 0.2431
f 2488 2489 2490
v -0.33443 -0.01237 0.21739 0.8902 0.6627 0.2431
v -0.33360 -0.01750 0.22974 0.8902 0.6627 0.2431
v -0.30531 -0.02143 0.20635 0.8902 0.6627 0.2431
f 2491 2492 2493
v -0.30531 -0.02143 0.20635 0.8902 0.6627 0.2431
v -0.33360 -0.01750 0.22974 0.8902 0.6627 0.2431
v -0.30387 -0.03031 0.22774 0.8902 0.6627 0.2431
f 2494 2495 2496
v -0.33360 -0.01750 0.22974 0.8902 0.6627 0.2431
v -0.33277 -0.01237 0.24208 0.8902 0.6627 0.2431
v -0.30387 -0.03031 0.22774 0.8902 0.6627 0.2431
f 2497 2498 2499
v -0.30387 -0.03031 0.22774 0.8902 0.6627 0.2431
v -0.33277 -0.01237 0.24208 0.8902 0.6627 0.2431
v -0.30243 -0.02143 0.24912 0.8902 0.6627 0.2431
f 2500 2501 2502
v -0.33277 -0.01237 0.24208 0.8902 0.6627 0.2431
v -0.33243 -0.00000 0.24720 0.8902 0.6627 0.2431
v -0.30243 -0.02143 0.24912 0.8902 0.6627 0.2431
f 2503 2504 2505
v -0.30243 -0.02143 0.24912 0.8902 0.6627 0.2431
v -0.33243 -0.00000 0.24720 0.8902 0.6627 0.2431
v -0.30183 -0.00000 0.25798 0.8902 0.6627 0.2431
f 2506 2507 2508
v -0.33243 -0.00000 0.24720 0.8902 0.6627 0.2431
v -0.33277 0.01237 0.24208 0.8902 0.6627 0.2431
v -0.30183 -0.00000 0.25798 0.8902 0.6627 0.2431
f 2509 2510 2511
v -0.30183 -0.00000 0.25798 0.8902 0.6627 0.2431
v -0.33277 0.01237 0.24208 0.8902 0.6627 0.2431
v -0.30243 0.02143 0.24912 0.8902 0.6627 0.2431
f 2512 2513 2514
v -0.33277 0.01237 0.24208 0.8902 0.6627 0.2431
v -0.33360 0.01750 0.22974 0.8902 0.6627 0.2431
v -0.30243 0.02143 0.24912 0.8902 0.6627 0.2431
f 2515 2516 2517
v -0.30243 0.02143 0.24912 0.8902 0.6627 0.2431
v -0.33360 0.01750 0.22974 0.8902 0.6627 0.2431
v -0.30387 0.03031 0.22774 0.8902 0.6627 0.2431
f 2518 2519 2520
v -0.33360 0.01750 0.22974 0.8902 0.6627 0.2431
v -0.33443 0.01237 0.21739 0.8902 0.6627 0.2431
v -0.30387 0.03031 0.22774 0.8902 0.6627 0.2431
f 2521 2522 2523
v -0.30387 0.03031 0.22774 0.8902 0.6627 0.2431
v -0.33443 0.01237 0.21739 0.8902 0.6627 0.2431
v -0.30531 0.02143 0.20635 0.8902 0.6627 0.2431
f 2524 2525 2526
v -0.33443 0.01237 0.21739 0.8902 0.6627 0.2431
v -0.33478 0.00000 0.21228 0.8902 0.6627 0.2431
v -0.30531 0.02143 0.20635 0.8902 0.6627 0.2431
f 2527 2528 2529
v -0.30531 0.02143 0.20635 0.8902 0.6627 0.2431
v -0.33478 0.00000 0.21228 0.8902 0.6627 0.2431
v -0.30590 0.00000 0.19749 0.8902 0.6627 0.2431
f 2530 2531 2532
v -0.30590 0.00000 0.19749 0.8902 0.6627 0.2431
v -0.30531 -0.02143 0.20635 0.8902 0.6627 0.2431
v -0.26560 0.00000 0.19008 0.8902 0.6627 0.2431
f 2533 2534 2535
v -0.26560 0.00000 0.19008 0.8902 0.6627 0.2431
v -0.30531 -0.02143 0.20635 0.8902 0.6627 0.2431
v -0.26491 -0.02475 0.20031 0.8902 0.6627 0.2431
f 2536 2537 2538
v -0.30531 -0.02143 0.20635 0.8902 0.6627 0.2431
v -0.30387 -0.03031 0.22774 0.8902 0.6627 0.2431
v -0.26491 -0.02475 0.20031 0.8902 0.6627 0.2431
f 2539 2540 2541
v -0.26491 -0.02475 0.20031 0.8902 0.6627 0.2431
v -0.30387 -0.03031 0.22774 0.8902 0.6627 0.2431
v -0.26325 -0.03500 0.22500 0.8902 0.6627 0.2431
f 2542 2543 2544
v -0.30387 -0.03031 0.22774 0.8902 0.6627 0.2431
v -0.30243 -0.02143 0.24912 0.8902 0.6627 0.2431
v -0.26325 -0.03500 0.22500 0.8902 0.6627 0.2431
f 2545 2546 2547
v -0.26325 -0.03500 0.22500 0.8902 0.6627 0.2431
v -0.30243 -0.02143 0.24912 0.8902 0.6627 0.2431
v -0.26159 -0.02475 0.24969 0.8902 0.6627 0.2431
f 2548 2549 2550
v -0.30243 -0.02143 0.24912 0.8902 0.6627 0.2431
v -0.30183 -0.00000 0.25798 0.8902 0.6627 0.2431
v -0.26159 -0.02475 0.24969 0.8902 0.6627 0.2431
f 2551 2552 2553
v -0.26159 -0.02475 0.24969 0.8902 0.6627 0.2431
v -0.30183 -0.00000 0.25798 0.8902 0.6627 0.2431
v -0.26090 -0.00000 0.25992 0.8902 0.6627 0.2431
f 2554 2555 2556
v -0.30183 -0.00000 0.25798 0.8902 0.6627 0.2431
v -0.30243 0.02143 0.24912 0.8902 0.6627 0.2431
v -0.26090 -0.00000 0.25992 0.8902 0.6627 0.2431
f 2557 2558 2559
v -0.26090 -0.00000 0.25992 0.8902 0.6627 0.2431
v -0.30243 0.02143 0.24912 0.8902 0.6627 0.2431
v -0.26159 0.02475 0.24969 0.8902 0.6627 0.2431
f 2560 2561 2562
v -0.30243 0.02143 0.24912 0.8902 0.6627 0.2431
v -0.30387 0.03031 0.22774 0.8902 0.6627 0.2431
v -0.26159 0.02475 0.24969 0.8902 0.6627 0.2431
f 2563 2564 2565
v -0.26159 0.02475 0.24969 0.8902 0.6627 0.2431
v -0.30387 0.03031 0.22774 0.8902 0.6627 0.2431
v -0.26325 0.03500 0.22500 0.8902 0.6627 0.2431
f 2566 2567 2568
v -0.30387 0.03031 0.22774 0.8902 0.6627 0.2431
v -0.30531 0.02143 0.20635 0.8902 0.6627 0.2431
v -0.26325 0.03500 0.22500 0.8902 0.6627 0.2431
f 2569 2570 2571
v -0.26325 0.03500 0.22500 0.8902 0.6627 0.2431
v -0.30531 0.02143 0.20635 0.8902 0.6627 0.2431
v -0.26491 0.02475 0.20031 0.8902 0.6627 0.2431
f 2572 2573 2574
v -0.30531 0.02143 0.20635 0.8902 0.6627 0.2431
v -0.30590 0.00000 0.19749 0.8902 0.6627 0.2431
v -0.26491 0.02475 0.20031 0.8902 0.6627 0.2431
f 2575 2576 2577
v -0.26491 0.02475 0.20031 0.8902 0.6627 0.2431
v -0.30590 0.00000 0.19749 0.8902 0.6627 0.2431
v -0.26560 0.00000 0.19008 0.8902 0.6627 0.2431
f 2578 2579 2580
v -0.26560 0.00000 0.19008 0.8902 0.6627 0.2431
v -0.26491 -0.02475 0.20031 0.8902 0.6627 0.2431
v -0.22467 0.00000 0.19202 0.8902 0.6627 0.2431
f 2581 2582 2583
v -0.22467 0.00000 0.19202 0.8902 0.6627 0.2431
v -0.26491 -0.02475 0.20031 0.8902 0.6627 0.2431
v -0.22407 -0.02143 0.20088 0.8902 0.6627 0.2431
f 2584 2585 2586
v -0.26491 -0.02475 0.20031 0.8902 0.6627 0.2431
v -0.26325 -0.03500 0.22500 0.8902 0.6627 0.2431
v -0.22407 -0.02143 0.20088 0.8902 0.6627 0.2431
f 2587 2588 2589
v -0.22407 -0.02143 0.20088 0.8902 0.6627 0.2431
v -0.26325 -0.03500 0.22500 0.8902 0.6627 0.2431
v -0.22263 -0.03031 0.22226 0.8902 0.6627 0.2431
f 2590 2591 2592
v -0.26325 -0.03500 0.22500 0.8902 0.6627 0.2431
v -0.26159 -0.02475 0.24969 0.8902 0.6627 0.2431
v -0.22263 -0.03031 0.22226 0.8902 0.6627 0.2431
f 2593 2594 2595
v -0.22263 -0.03031 0.22226 0.8902 0.6627 0.2431
v -0.26159 -0.02475 0.24969 0.8902 0.6627 0.2431
v -0.22119 -0.02143 0.24365 0.8902 0.6627 0.2431
f 2596 2597 2598
v -0.26159 -0.02475 0.24969 0.8902 0.6627 0.2431
v -0.26090 -0.00000 0.25992 0.8902 0.6627 0.2431
v -0.22119 -0.02143 0.24365 0.8902 0.6627 0.2431
f 2599 2600 2601
v -0.22119 -0.02143 0.24365 0.8902 0.6627 0.2431
v -0.26090 -0.00000 0.25992 0.8902 0.6627 0.2431
v -0.22060 -0.00000 0.25251 0.8902 0.6627 0.2431
f 2602 2603 2604
v -0.26090 -0.00000 0.25992 0.8902 0.6627 0.2431
v -0.26159 0.02475 0.24969 0.8902 0.6627 0.2431
v -0.22060 -0.00000 0.25251 0.8902 0.6627 0.2431
f 2605 2606 2607
v -0.22060 -0.00000 0.25251 0.8902 0.6627 0.2431
v -0.26159 0.02475 0.24969 0.8902 0.6627 0.2431
v -0.22119 0.02143 0.24365 0.8902 0.6627 0.2431
f 2608 2609 2610
v -0.26159 0.02475 0.24969 0.8902 0.6627 0.2431
v -0.26325 0.03500 0.22500 0.8902 0.6627 0.2431
v -0.22119 0.02143 0.24365 0.8902 0.6627 0.2431
f 2611 2612 2613
v -0.22119 0.02143 0.24365 0.8902 0.6627 0.2431
v -0.26325 0.03500 0.22500 0.8902 0.6627 0.2431
v -0.22263 0.03031 0.22226 0.8902 0.6627 0.2431
f 2614 2615 2616
v -0.26325 0.03500 0.22500 0.8902 0.6627 0.2431
v -0.26491 0.02475 0.20031 0.8902 0.6627 0.2431
v -0.22263 0.03031 0.22226 0.8902 0.6627 0.2431
f 2617 2618 2619
v -0.22263 0.03031 0.22226 0.8902 0.6627 0.2431
v -0.26491 0.02475 0.20031 0.8902 0.6627 0.2431
v -0.22407 0.02143 0.20088 0.8902 0.6627 0.2431
f 2620 2621 2622
v -0.26491 0.02475 0.20031 0.8902 0.6627 0.2431
v -0.26560 0.00000 0.19008 0.8902 0.6627 0.2431
v -0.22407 0.02143 0.20088 0.8902 0.6627 0.2431
f 2623 2624 2625
v -0.22407 0.02143 0.20088 0.8902 0.6627 0.2431
v -0.26560 0.00000 0.19008 0.8902 0.6627 0.2431
v -0.22467 0.00000 0.19202 0.8902 0.6627 0.2431
f 2626 2627 2628
v -0.22467 0.00000 0.19202 0.8902 0.6627 0.2431
v -0.22407 -0.02143 0.20088 0.8902 0.6627 0.2431
v -0.19407 0.00000 0.20280 0.8902 0.6627 0.2431
f 2629 2630 2631
v -0.19407 0.00000 0.20280 0.8902 0.6627 0.2431
v -0.22407 -0.02143 0.20088 0.8902 0.6627 0.2431
v -0.19373 -0.01237 0.20792 0.8902 0.6627 0.2431
f 2632 2633 2634
v -0.22407 -0.02143 0.20088 0.8902 0.6627 0.2431
v -0.22263 -0.03031 0.22226 0.8902 0.6627 0.2431
v -0.19373 -0.01237 0.20792 0.8902 0.6627 0.2431
f 2635 2636 2637
v -0.19373 -0.01237 0.20792 0.8902 0.6627 0.2431
v -0.22263 -0.03031 0.22226 0.8902 0.6627 0.2431
v -0.19290 -0.01750 0.22026 0.8902 0.6627 0.2431
f 2638 2639 2640
v -0.22263 -0.03031 0.22226 0.8902 0.6627 0.2431
v -0.22119 -0.02143 0.24365 0.8902 0.6627 0.2431
v -0.19290 -0.01750 0.22026 0.8902 0.6627 0.2431
f 2641 2642 2643
v -0.19290 -0.01750 0.22026 0.8902 0.6627 0.2431
v -0.22119 -0.02143 0.24365 0.8902 0.6627 0.2431
v -0.19207 -0.01237 0.23261 0.8902 0.6627 0.2431
f 2644 2645 2646
v -0.22119 -0.02143 0.24365 0.8902 0.6627 0.2431
v -0.22060 -0.00000 0.25251 0.8902 0.6627 0.2431
v -0.19207 -0.01237 0.23261 0.8902 0.6627 0.2431
f 2647 2648 2649
v -0.19207 -0.01237 0.23261 0.8902 0.6627 0.2431
v -0.22060 -0.00000 0.25251 0.8902 0.6627 0.2431
v -0.19172 -0.00000 0.23772 0.8902 0.6627 0.2431
f 2650 2651 2652
v -0.22060 -0.00000 0.25251 0.8902 0.6627 0.2431
v -0.22119 0.02143 0.24365 0.8902 0.6627 0.2431
v -0.19172 -0.00000 0.23772 0.8902 0.6627 0.2431
f 2653 2654 2655
v -0.19172 -0.00000 0.23772 0.8902 0.6627 0.2431
v -0.22119 0.02143 0.24365 0.8902 0.6627 0.2431
v -0.19207 0.01237 0.23261 0.8902 0.6627 0.2431
f 2656 2657 2658
v -0.22119 0.02143 0.24365 0.8902 0.6627 0.2431
v -0.22263 0.03031 0.22226 0.8902 0.6627 0.2431
v -0.19207 0.01237 0.23261 0.8902 0.6627 0.2431
f 2659 2660 2661
v -0.19207 0.01237 0.23261 0.8902 0.6627 0.2431
v -0.22263 0.03031 0.22226 0.8902 0.6627 0.2431
v -0.19290 0.01750 0.22026 0.8902 0.6627 0.2431
f 2662 2663 2664
v -0.22263 0.03031 0.22226 0.8902 0.6627 0.2431
v -0.22407 0.02143 0.20088 0.8902 0.6627 0.2431
v -0.19290 0.01750 0.22026 0.8902 0.6627 0.2431
f 2665 2666 2667
v -0.19290 0.01750 0.22026 0.8902 0.6627 0.2431
v -0.22407 0.02143 0.20088 0.8902 0.6627 0.2431
v -0.19373 0.01237 0.20792 0.8902 0.6627 0.2431
f 2668 2669 2670
v -0.22407 0.02143 0.20088 0.8902 0.6627 0.2431
v -0.22467 0.00000 0.19202 0.8902 0.6627 0.2431
v -0.19373 0.01237 0.20792 0.8902 0.6627 0.2431
f 2671 2672 2673
v -0.19373 0.01237 0.20792 0.8902 0.6627 0.2431
v -0.22467 0.00000 0.19202 0.8902 0.6627 0.2431
v -0.19407 0.00000 0.20280 0.8902 0.6627 0.2431
f 2674 2675 2676
v -0.19407 0.00000 0.20280 0.8902 0.6627 0.2431
v -0.19373 -0.01237 0.20792 0.8902 0.6627 0.2431
v -0.18202 0.00000 0.21953 0.8902 0.6627 0.2431
f 2677 2678 2679
v -0.19373 -0.01237 0.20792 0.8902 0.6627 0.2431
v -0.19290 -0.01750 0.22026 0.8902 0.6627 0.2431
v -0.18202 -0.00000 0.21953 0.8902 0.6627 0.2431
f 2680 2681 2682
v -0.19290 -0.01750 0.22026 0.8902 0.6627 0.2431
v -0.19207 -0.01237 0.23261 0.8902 0.6627 0.2431
v -0.18202 -0.00000 0.21953 0.8902 0.6627 0.2431
f 2683 2684 2685
v -0.19207 -0.01237 0.23261 0.8902 0.6627 0.2431
v -0.19172 -0.00000 0.23772 0.8902 0.6627 0.2431
v -0.18202 -0.00000 0.21953 0.8902 0.6627 0.2431
f 2686 2687 2688
v -0.19172 -0.00000 0.23772 0.8902 0.6627 0.2431
v -0.19207 0.01237 0.23261 0.8902 0.6627 0.2431
v -0.18202 -0.00000 0.21953 0.8902 0.6627 0.2431
f 2689 2690 2691
v -0.19207 0.01237 0.23261 0.8902 0.6627 0.2431
v -0.19290 0.01750 0.22026 0.8902 0.6627 0.2431
v -0.18202 0.00000 0.21953 0.8902 0.6627 0.2431
f 2692 2693 2694
v -0.19290 0.01750 0.22026 0.8902 0.6627 0.2431
v -0.19373 0.01237 0.20792 0.8902 0.6627 0.2431
v -0.18202 0.00000 0.21953 0.8902 0.6627 0.2431
f 2695 2696 2697
v -0.19373 0.01237 0.20792 0.8902 0.6627 0.2431
v -0.19407 0.00000 0.20280 0.8902 0.6627 0.2431
v -0.18202 0.00000 0.21953 0.8902 0.6627 0.2431
f 2698 2699 2700
v -0.42345 0.00000 0.09584 0.9255 0.6157 0.2627
v -0.44052 0.00000 0.09401 0.9255 0.6157 0.2627
v -0.42637 -0.00884 0.09805 0.9255 0.6157 0.2627
f 2701 2702 2703
v -0.42637 -0.00884 0.09805 0.9255 0.6157 0.2627
v -0.44052 0.00000 0.09401 0.9255 0.6157 0.2627
v -0.43342 -0.01250 0.10339 0.9255 0.6157 0.2627
f 2704 2705 2706
v -0.43342 -0.01250 0.10339 0.9255 0.6157 0.2627
v -0.44052 0.00000 0.09401 0.9255 0.6157 0.2627
v -0.44046 -0.00884 0.10873 0.9255 0.6157 0.2627
f 2707 2708 2709
v -0.44046 -0.00884 0.10873 0.9255 0.6157 0.2627
v -0.44052 0.00000 0.09401 0.9255 0.6157 0.2627
v -0.44338 -0.00000 0.11094 0.9255 0.6157 0.2627
f 2710 2711 2712
v -0.44338 -0.00000 0.11094 0.9255 0.6157 0.2627
v -0.44052 0.00000 0.09401 0.9255 0.6157 0.2627
v -0.44046 0.00884 0.10873 0.9255 0.6157 0.2627
f 2713 2714 2715
v -0.44046 0.00884 0.10873 0.9255 0.6157 0.2627
v -0.44052 0.00000 0.09401 0.9255 0.6157 0.2627
v -0.43342 0.01250 0.10339 0.9255 0.6157 0.2627
f 2716 2717 2718
v -0.43342 0.01250 0.10339 0.9255 0.6157 0.2627
v -0.44052 0.00000 0.09401 0.9255 0.6157 0.2627
v -0.42637 0.00884 0.09805 0.9255 0.6157 0.2627
f 2719 2720 2721
v -0.42637 0.00884 0.09805 0.9255 0.6157 0.2627
v -0.44052 0.00000 0.09401 0.9255 0.6157 0.2627
v -0.42345 0.00000 0.09584 0.9255 0.6157 0.2627
f 2722 2723 2724
v -0.42345 0.00000 0.09584 0.9255 0.6157 0.2627
v -0.42637 -0.00884 0.09805 0.9255 0.6157 0.2627
v -0.39675 0.00000 0.11593 0.9255 0.6157 0.2627
f 2725 2726 2727
v -0.39675 0.00000 0.11593 0.9255 0.6157 0.2627
v -0.42637 -0.00884 0.09805 0.9255 0.6157 0.2627
v -0.40181 -0.01531 0.11976 0.9255 0.6157 0.2627
f 2728 2729 2730
v -0.42637 -0.00884 0.09805 0.9255 0.6157 0.2627
v -0.43342 -0.01250 0.10339 0.9255 0.6157 0.2627
v -0.40181 -0.01531 0.11976 0.9255 0.6157 0.2627
f 2731 2732 2733
v -0.40181 -0.01531 0.11976 0.9255 0.6157 0.2627
v -0.43342 -0.01250 0.10339 0.9255 0.6157 0.2627
v -0.41401 -0.02165 0.12901 0.9255 0.6157 0.2627
f 2734 2735 2736
v -0.43342 -0.01250 0.10339 0.9255 0.6157 0.2627
v -0.44046 -0.00884 0.10873 0.9255 0.6157 0.2627
v -0.41401 -0.02165 0.12901 0.9255 0.6157 0.2627
f 2737 2738 2739
v -0.41401 -0.02165 0.12901 0.9255 0.6157 0.2627
v -0.44046 -0.00884 0.10873 0.9255 0.6157 0.2627
v -0.42621 -0.01531 0.13825 0.9255 0.6157 0.2627
f 2740 2741 2742
v -0.44046 -0.00884 0.10873 0.9255 0.6157 0.2627
v -0.44338 -0.00000 0.11094 0.9255 0.6157 0.2627
v -0.42621 -0.01531 0.13825 0.9255 0.6157 0.2627
f 2743 2744 2745
v -0.42621 -0.01531 0.13825 0.9255 0.6157 0.2627
v -0.44338 -0.00000 0.11094 0.9255 0.6157 0.2627
v -0.43127 -0.00000 0.14208 0.9255 0.6157 0.2627
f 2746 2747 2748
v -0.44338 -0.00000 0.11094 0.9255 0.6157 0.2627
v -0.44046 0.00884 0.10873 0.9255 0.6157 0.2627
v -0.43127 -0.00000 0.14208 0.9255 0.6157 0.2627
f 2749 2750 2751
v -0.43127 -0.00000 0.14208 0.9255 0.6157 0.2627
v -0.44046 0.00884 0.10873 0.9255 0.6157 0.2627
v -0.42621 0.01531 0.13825 0.9255 0.6157 0.2627
f 2752 2753 2754
v -0.44046 0.00884 0.10873 0.9255 0.6157 0.2627
v -0.43342 0.01250 0.10339 0.9255 0.6157 0.2627
v -0.42621 0.01531 0.13825 0.9255 0.6157 0.2627
f 2755 2756 2757
v -0.42621 0.01531 0.13825 0.9255 0.6157 0.2627
v -0.43342 0.01250 0.10339 0.9255 0.6157 0.2627
v -0.41401 0.02165 0.12901 0.9255 0.6157 0.2627
f 2758 2759 2760
v -0.43342 0.01250 0.10339 0.9255 0.6157 0.2627
v -0.42637 0.00884 0.09805 0.9255 0.6157 0.2627
v -0.41401 0.02165 0.12901 0.9255 0.6157 0.2627
f 2761 2762 2763
v -0.41401 0.02165 0.12901 0.9255 0.6157 0.2627
v -0.42637 0.00884 0.09805 0.9255 0.6157 0.2627
v -0.40181 0.01531 0.11976 0.9255 0.6157 0.2627
f 2764 2765 2766
v -0.42637 0.00884 0.09805 0.9255 0.6157 0.2627
v -0.42345 0.00000 0.09584 0.9255 0.6157 0.2627
v -0.40181 0.01531 0.11976 0.9255 0.6157 0.2627
f 2767 2768 2769
v -0.40181 0.01531 0.11976 0.9255 0.6157 0.2627
v -0.42345 0.00000 0.09584 0.9255 0.6157 0.2627
v -0.39675 0.00000 0.11593 0.9255 0.6157 0.2627
f 2770 2771 2772
v -0.39675 0.00000 0.11593 0.9255 0.6157 0.2627
v -0.40181 -0.01531 0.11976 0.9255 0.6157 0.2627
v -0.36757 0.00000 0.14890 0.9255 0.6157 0.2627
f 2773 2774 2775
v -0.36757 0.00000 0.14890 0.9255 0.6157 0.2627
v -0.40181 -0.01531 0.11976 0.9255 0.6157 0.2627
v -0.37341 -0.01768 0.15333 0.9255 0.6157 0.2627
f 2776 2777 2778
v -0.40181 -0.01531 0.11976 0.9255 0.6157 0.2627
v -0.41401 -0.02165 0.12901 0.9255 0.6157 0.2627
v -0.37341 -0.01768 0.15333 0.9255 0.6157 0.2627
f 2779 2780 2781
v -0.37341 -0.01768 0.15333 0.9255 0.6157 0.2627
v -0.41401 -0.02165 0.12901 0.9255 0.6157 0.2627
v -0.38750 -0.02500 0.16400 0.9255 0.6157 0.2627
f 2782 2783 2784
v -0.41401 -0.02165 0.12901 0.9255 0.6157 0.2627
v -0.42621 -0.01531 0.13825 0.9255 0.6157 0.2627
v -0.38750 -0.02500 0.16400 0.9255 0.6157 0.2627
f 2785 2786 2787
v -0.38750 -0.02500 0.16400 0.9255 0.6157 0.2627
v -0.42621 -0.01531 0.13825 0.9255 0.6157 0.2627
v -0.40159 -0.01768 0.17467 0.9255 0.6157 0.2627
f 2788 2789 2790
v -0.42621 -0.01531 0.13825 0.9255 0.6157 0.2627
v -0.43127 -0.00000 0.14208 0.9255 0.6157 0.2627
v -0.40159 -0.01768 0.17467 0.9255 0.6157 0.2627
f 2791 2792 2793
v -0.40159 -0.01768 0.17467 0.9255 0.6157 0.2627
v -0.43127 -0.00000 0.14208 0.9255 0.6157 0.2627
v -0.40743 -0.00000 0.17910 0.9255 0.6157 0.2627
f 2794 2795 2796
v -0.43127 -0.00000 0.14208 0.9255 0.6157 0.2627
v -0.42621 0.01531 0.13825 0.9255 0.6157 0.2627
v -0.40743 -0.00000 0.17910 0.9255 0.6157 0.2627
f 2797 2798 2799
v -0.40743 -0.00000 0.17910 0.9255 0.6157 0.2627
v -0.42621 0.01531 0.13825 0.9255 0.6157 0.2627
v -0.40159 0.01768 0.17467 0.9255 0.6157 0.2627
f 2800 2801 2802
v -0.42621 0.01531 0.13825 0.9255 0.6157 0.2627
v -0.41401 0.02165 0.12901 0.9255 0.6157 0.2627
v -0.40159 0.01768 0.17467 0.9255 0.6157 0.2627
f 2803 2804 2805
v -0.40159 0.01768 0.17467 0.9255 0.6157 0.2627
v -0.41401 0.02165 0.12901 0.9255 0.6157 0.2627
v -0.38750 0.02500 0.16400 0.9255 0.6157 0.2627
f 2806 2807 2808
v -0.41401 0.02165 0.12901 0.9255 0.6157 0.2627
v -0.40181 0.01531 0.11976 0.9255 0.6157 0.2627
v -0.38750 0.02500 0.16400 0.9255 0.6157 0.2627
f 2809 2810 2811
v -0.38750 0.02500 0.16400 0.9255 0.6157 0.2627
v -0.40181 0.01531 0.11976 0.9255 0.6157 0.2627
v -0.37341 0.01768 0.15333 0.9255 0.6157 0.2627
f 2812 2813 2814
v -0.40181 0.01531 0.11976 0.9255 0.6157 0.2627
v -0.39675 0.00000 0.11593 0.9255 0.6157 0.2627
v -0.37341 0.01768 0.15333 0.9255 0.6157 0.2627
f 2815 2816 2817
v -0.37341 0.01768 0.15333 0.9255 0.6157 0.2627
v -0.39675 0.00000 0.11593 0.9255 0.6157 0.2627
v -0.36757 0.00000 0.14890 0.9255 0.6157 0.2627
f 2818 2819 2820
v -0.36757 0.00000 0.14890 0.9255 0.6157 0.2627
v -0.37341 -0.01768 0.15333 0.9255 0.6157 0.2627
v -0.34373 0.00000 0.18592 0.9255 0.6157 0.2627
f 2821 2822 2823
v -0.34373 0.00000 0.18592 0.9255 0.6157 0.2627
v -0.37341 -0.01768 0.15333 0.9255 0.6157 0.2627
v -0.34879 -0.01531 0.18975 0.9255 0.6157 0.2627
f 2824 2825 2826
v -0.37341 -0.01768 0.15333 0.9255 0.6157 0.2627
v -0.38750 -0.02500 0.16400 0.9255 0.6157 0.2627
v -0.34879 -0.01531 0.18975 0.9255 0.6157 0.2627
f 2827 2828 2829
v -0.34879 -0.01531 0.18975 0.9255 0.6157 0.2627
v -0.38750 -0.02500 0.16400 0.9255 0.6157 0.2627
v -0.36099 -0.02165 0.19899 0.9255 0.6157 0.2627
f 2830 2831 2832
v -0.38750 -0.02500 0.16400 0.9255 0.6157 0.2627
v -0.40159 -0.01768 0.17467 0.9255 0.6157 0.2627
v -0.36099 -0.02165 0.19899 0.9255 0.6157 0.2627
f 2833 2834 2835
v -0.36099 -0.02165 0.19899 0.9255 0.6157 0.2627
v -0.40159 -0.01768 0.17467 0.9255 0.6157 0.2627
v -0.37319 -0.01531 0.20824 0.9255 0.6157 0.2627
f 2836 2837 2838
v -0.40159 -0.01768 0.17467 0.9255 0.6157 0.2627
v -0.40743 -0.00000 0.17910 0.9255 0.6157 0.2627
v -0.37319 -0.01531 0.20824 0.9255 0.6157 0.2627
f 2839 2840 2841
v -0.37319 -0.01531 0.20824 0.9255 0.6157 0.2627
v -0.40743 -0.00000 0.17910 0.9255 0.6157 0.2627
v -0.37825 -0.00000 0.21207 0.9255 0.6157 0.2627
f 2842 2843 2844
v -0.40743 -0.00000 0.17910 0.9255 0.6157 0.2627
v -0.40159 0.01768 0.17467 0.9255 0.6157 0.2627
v -0.37825 -0.00000 0.21207 0.9255 0.6157 0.2627
f 2845 2846 2847
v -0.37825 -0.00000 0.21207 0.9255 0.6157 0.2627
v -0.40159 0.01768 0.17467 0.9255 0.6157 0.2627
v -0.37319 0.01531 0.20824 0.9255 0.6157 0.2627
f 2848 2849 2850
v -0.40159 0.01768 0.17467 0.9255 0.6157 0.2627
v -0.38750 0.02500 0.16400 0.9255 0.6157 0.2627
v -0.37319 0.01531 0.20824 0.9255 0.6157 0.2627
f 2851 2852 2853
v -0.37319 0.01531 0.20824 0.9255 0.6157 0.2627
v -0.38750 0.02500 0.16400 0.9255 0.6157 0.2627
v -0.36099 0.02165 0.19899 0.9255 0.6157 0.2627
f 2854 2855 2856
v -0.38750 0.02500 0.16400 0.9255 0.6157 0.2627
v -0.37341 0.01768 0.15333 0.9255 0.6157 0.2627
v -0.36099 0.02165 0.19899 0.9255 0.6157 0.2627
f 2857 2858 2859
v -0.36099 0.02165 0.19899 0.9255 0.6157 0.2627
v -0.37341 0.01768 0.15333 0.9255 0.6157 0.2627
v -0.34879 0.01531 0.18975 0.9255 0.6157 0.2627
f 2860 2861 2862
v -0.37341 0.01768 0.15333 0.9255 0.6157 0.2627
v -0.36757 0.00000 0.14890 0.9255 0.6157 0.2627
v -0.34879 0.01531 0.18975 0.9255 0.6157 0.2627
f 2863 2864 2865
v -0.34879 0.01531 0.18975 0.9255 0.6157 0.2627
v -0.36757 0.00000 0.14890 0.9255 0.6157 0.2627
v -0.34373 0.00000 0.18592 0.9255 0.6157 0.2627
f 2866 2867 2868
v -0.34373 0.00000 0.18592 0.9255 0.6157 0.2627
v -0.34879 -0.01531 0.18975 0.9255 0.6157 0.2627
v -0.33162 0.00000 0.21706 0.9255 0.6157 0.2627
f 2869 2870 2871
v -0.33162 0.00000 0.21706 0.9255 0.6157 0.2627
v -0.34879 -0.01531 0.18975 0.9255 0.6157 0.2627
v -0.33454 -0.00884 0.21927 0.9255 0.6157 0.2627
f 2872 2873 2874
v -0.34879 -0.01531 0.18975 0.9255 0.6157 0.2627
v -0.36099 -0.02165 0.19899 0.9255 0.6157 0.2627
v -0.33454 -0.00884 0.21927 0.9255 0.6157 0.2627
f 2875 2876 2877
v -0.33454 -0.00884 0.21927 0.9255 0.6157 0.2627
v -0.36099 -0.02165 0.19899 0.9255 0.6157 0.2627
v -0.34158 -0.01250 0.22461 0.9255 0.6157 0.2627
f 2878 2879 2880
v -0.36099 -0.02165 0.19899 0.9255 0.6157 0.2627
v -0.37319 -0.01531 0.20824 0.9255 0.6157 0.2627
v -0.34158 -0.01250 0.22461 0.9255 0.6157 0.2627
f 2881 2882 2883
v -0.34158 -0.01250 0.22461 0.9255 0.6157 0.2627
v -0.37319 -0.01531 0.20824 0.9255 0.6157 0.2627
v -0.34863 -0.00884 0.22995 0.9255 0.6157 0.2627
f 2884 2885 2886
v -0.37319 -0.01531 0.20824 0.9255 0.6157 0.2627
v -0.37825 -0.00000 0.21207 0.9255 0.6157 0.2627
v -0.34863 -0.00884 0.22995 0.9255 0.6157 0.2627
f 2887 2888 2889
v -0.34863 -0.00884 0.22995 0.9255 0.6157 0.2627
v -0.37825 -0.00000 0.21207 0.9255 0.6157 0.2627
v -0.35155 -0.00000 0.23216 0.9255 0.6157 0.2627
f 2890 2891 2892
v -0.37825 -0.00000 0.21207 0.9255 0.6157 0.2627
v -0.37319 0.01531 0.20824 0.9255 0.6157 0.2627
v -0.35155 -0.00000 0.23216 0.9255 0.6157 0.2627
f 2893 2894 2895
v -0.35155 -0.00000 0.23216 0.9255 0.6157 0.2627
v -0.37319 0.01531 0.20824 0.9255 0.6157 0.2627
v -0.34863 0.00884 0.22995 0.9255 0.6157 0.2627
f 2896 2897 2898
v -0.37319 0.01531 0.20824 0.9255 0.6157 0.2627
v -0.36099 0.02165 0.19899 0.9255 0.6157 0.2627
v -0.34863 0.00884 0.22995 0.9255 0.6157 0.2627
f 2899 2900 2901
v -0.34863 0.00884 0.22995 0.9255 0.6157 0.2627
v -0.36099 0.02165 0.19899 0.9255 0.6157 0.2627
v -0.34158 0.01250 0.22461 0.9255 0.6157 0.2627
f 2902 2903 2904
v -0.36099 0.02165 0.19899 0.9255 0.6157 0.2627
v -0.34879 0.01531 0.18975 0.9255 0.6157 0.2627
v -0.34158 0.01250 0.22461 0.9255 0.6157 0.2627
f 2905 2906 2907
v -0.34158 0.01250 0.22461 0.9255 0.6157 0.2627
v -0.34879 0.01531 0.18975 0.9255 0.6157 0.2627
v -0.33454 0.00884 0.21927 0.9255 0.6157 0.2627
f 2908 2909 2910
v -0.34879 0.01531 0.18975 0.9255 0.6157 0.2627
v -0.34373 0.00000 0.18592 0.9255 0.6157 0.2627
v -0.33454 0.00884 0.21927 0.9255 0.6157 0.2627
f 2911 2912 2913
v -0.33454 0.00884 0.21927 0.9255 0.6157 0.2627
v -0.34373 0.00000 0.18592 0.9255 0.6157 0.2627
v -0.33162 0.00000 0.21706 0.9255 0.6157 0.2627
f 2914 2915 2916
v -0.33162 0.00000 0.21706 0.9255 0.6157 0.2627
v -0.33454 -0.00884 0.21927 0.9255 0.6157 0.2627
v -0.33448 0.00000 0.23399 0.9255 0.6157 0.2627
f 2917 2918 2919
v -0.33454 -0.00884 0.21927 0.9255 0.6157 0.2627
v -0.34158 -0.01250 0.22461 0.9255 0.6157 0.2627
v -0.33448 -0.00000 0.23399 0.9255 0.6157 0.2627
f 2920 2921 2922
v -0.34158 -0.01250 0.22461 0.9255 0.6157 0.2627
v -0.34863 -0.00884 0.22995 0.9255 0.6157 0.2627
v -0.33448 -0.00000 0.23399 0.9255 0.6157 0.2627
f 2923 2924 2925
v -0.34863 -0.00884 0.22995 0.9255 0.6157 0.2627
v -0.35155 -0.00000 0.23216 0.9255 0.6157 0.2627
v -0.33448 -0.00000 0.23399 0.9255 0.6157 0.2627
f 2926 2927 2928
v -0.35155 -0.00000 0.23216 0.9255 0.6157 0.2627
v -0.34863 0.00884 0.22995 0.9255 0.6157 0.2627
v -0.33448 -0.00000 0.23399 0.9255 0.6157 0.2627
f 2929 2930 2931
v -0.34863 0.00884 0.22995 0.9255 0.6157 0.2627
v -0.34158 0.01250 0.22461 0.9255 0.6157 0.2627
v -0.33448 0.00000 0.23399 0.9255 0.6157 0.2627
f 2932 2933 2934
v -0.34158 0.01250 0.22461 0.9255 0.6157 0.2627
v -0.33454 0.00884 0.21927 0.9255 0.6157 0.2627
v -0.33448 0.00000 0.23399 0.9255 0.6157 0.2627
f 2935 2936 2937
v -0.33454 0.00884 0.21927 0.9255 0.6157 0.2627
v -0.33162 0.00000 0.21706 0.9255 0.6157 0.2627
v -0.33448 0.00000 0.23399 0.9255 0.6157 0.2627
f 2938 2939 2940
v -0.44338 0.00000 0.34906 0.9255 0.6157 0.2627
v -0.44052 0.00000 0.36599 0.9255 0.6157 0.2627
v -0.44046 -0.00884 0.35127 0.9255 0.6157 0.2627
f 2941 2942 2943
v -0.44046 -0.00884 0.35127 0.9255 0.6157 0.2627
v -0.44052 0.00000 0.36599 0.9255 0.6157 0.2627
v -0.43342 -0.01250 0.35661 0.9255 0.6157 0.2627
f 2944 2945 2946
v -0.43342 -0.01250 0.35661 0.9255 0.6157 0.2627
v -0.44052 0.00000 0.36599 0.9255 0.6157 0.2627
v -0.42637 -0.00884 0.36195 0.9255 0.6157 0.2627
f 2947 2948 2949
v -0.42637 -0.00884 0.36195 0.9255 0.6157 0.2627
v -0.44052 0.00000 0.36599 0.9255 0.6157 0.2627
v -0.42345 -0.00000 0.36416 0.9255 0.6157 0.2627
f 2950 2951 2952
v -0.42345 -0.00000 0.36416 0.9255 0.6157 0.2627
v -0.44052 0.00000 0.36599 0.9255 0.6157 0.2627
v -0.42637 0.00884 0.36195 0.9255 0.6157 0.2627
f 2953 2954 2955
v -0.42637 0.00884 0.36195 0.9255 0.6157 0.2627
v -0.44052 0.00000 0.36599 0.9255 0.6157 0.2627
v -0.43342 0.01250 0.35661 0.9255 0.6157 0.2627
f 2956 2957 2958
v -0.43342 0.01250 0.35661 0.9255 0.6157 0.2627
v -0.44052 0.00000 0.36599 0.9255 0.6157 0.2627
v -0.44046 0.00884 0.35127 0.9255 0.6157 0.2627
f 2959 2960 2961
v -0.44046 0.00884 0.35127 0.9255 0.6157 0.2627
v -0.44052 0.00000 0.36599 0.9255 0.6157 0.2627
v -0.44338 0.00000 0.34906 0.9255 0.6157 0.2627
f 2962 2963 2964
v -0.44338 0.00000 0.34906 0.9255 0.6157 0.2627
v -0.44046 -0.00884 0.35127 0.9255 0.6157 0.2627
v -0.43127 0.00000 0.31792 0.9255 0.6157 0.2627
f 2965 2966 2967
v -0.43127 0.00000 0.31792 0.9255 0.6157 0.2627
v -0.44046 -0.00884 0.35127 0.9255 0.6157 0.2627
v -0.42621 -0.01531 0.32175 0.9255 0.6157 0.2627
f 2968 2969 2970
v -0.44046 -0.00884 0.35127 0.9255 0.6157 0.2627
v -0.43342 -0.01250 0.35661 0.9255 0.6157 0.2627
v -0.42621 -0.01531 0.32175 0.9255 0.6157 0.2627
f 2971 2972 2973
v -0.42621 -0.01531 0.32175 0.9255 0.6157 0.2627
v -0.43342 -0.01250 0.35661 0.9255 0.6157 0.2627
v -0.41401 -0.02165 0.33099 0.9255 0.6157 0.2627
f 2974 2975 2976
v -0.43342 -0.01250 0.35661 0.9255 0.6157 0.2627
v -0.42637 -0.00884 0.36195 0.9255 0.6157 0.2627
v -0.41401 -0.02165 0.33099 0.9255 0.6157 0.2627
f 2977 2978 2979
v -0.41401 -0.02165 0.33099 0.9255 0.6157 0.2627
v -0.42637 -0.00884 0.36195 0.9255 0.6157 0.2627
v -0.40181 -0.01531 0.34024 0.9255 0.6157 0.2627
f 2980 2981 2982
v -0.42637 -0.00884 0.36195 0.9255 0.6157 0.2627
v -0.42345 -0.00000 0.36416 0.9255 0.6157 0.2627
v -0.40181 -0.01531 0.34024 0.9255 0.6157 0.2627
f 2983 2984 2985
v -0.40181 -0.01531 0.34024 0.9255 0.6157 0.2627
v -0.42345 -0.00000 0.36416 0.9255 0.6157 0.2627
v -0.39675 -0.00000 0.34407 0.9255 0.6157 0.2627
f 2986 2987 2988
v -0.42345 -0.00000 0.36416 0.9255 0.6157 0.2627
v -0.42637 0.00884 0.36195 0.9255 0.6157 0.2627
v -0.39675 -0.00000 0.34407 0.9255 0.6157 0.2627
f 2989 2990 2991
v -0.39675 -0.00000 0.34407 0.9255 0.6157 0.2627
v -0.42637 0.00884 0.36195 0.9255 0.6157 0.2627
v -0.40181 0.01531 0.34024 0.9255 0.6157 0.2627
f 2992 2993 2994
v -0.42637 0.00884 0.36195 0.9255 0.6157 0.2627
v -0.43342 0.01250 0.35661 0.9255 0.6157 0.2627
v -0.40181 0.01531 0.34024 0.9255 0.6157 0.2627
f 2995 2996 2997
v -0.40181 0.01531 0.34024 0.9255 0.6157 0.2627
v -0.43342 0.01250 0.35661 0.9255 0.6157 0.2627
v -0.41401 0.02165 0.33099 0.9255 0.6157 0.2627
f 2998 2999 3000
v -0.43342 0.01250 0.35661 0.9255 0.6157 0.2627
v -0.44046 0.00884 0.35127 0.9255 0.6157 0.2627
v -0.41401 0.02165 0.33099 0.9255 0.6157 0.2627
f 3001 3002 3003
v -0.41401 0.02165 0.33099 0.9255 0.6157 0.2627
v -0.44046 0.00884 0.35127 0.9255 0.6157 0.2627
v -0.42621 0.01531 0.32175 0.9255 0.6157 0.2627
f 3004 3005 3006
v -0.44046 0.00884 0.35127 0.9255 0.6157 0.2627
v -0.44338 0.00000 0.34906 0.9255 0.6157 0.2627
v -0.42621 0.01531 0.32175 0.9255 0.6157 0.2627
f 3007 3008 3009
v -0.42621 0.01531 0.32175 0.9255 0.6157 0.2627
v -0.44338 0.00000 0.34906 0.9255 0.6157 0.2627
v -0.43127 0.00000 0.31792 0.9255 0.6157 0.2627
f 3010 3011 3012
v -0.43127 0.00000 0.31792 0.9255 0.6157 0.2627
v -0.42621 -0.01531 0.32175 0.9255 0.6157 0.2627
v -0.40743 0.00000 0.28090 0.9255 0.6157 0.2627
f 3013 3014 3015
v -0.40743 0.00000 0.28090 0.9255 0.6157 0.2627
v -0.42621 -0.01531 0.32175 0.9255 0.6157 0.2627
v -0.40159 -0.01768 0.28533 0.9255 0.6157 0.2627
f 3016 3017 3018
v -0.42621 -0.01531 0.32175 0.9255 0.6157 0.2627
v -0.41401 -0.02165 0.33099 0.9255 0.6157 0.2627
v -0.40159 -0.01768 0.28533 0.9255 0.6157 0.2627
f 3019 3020 3021
v -0.40159 -0.01768 0.28533 0.9255 0.6157 0.2627
v -0.41401 -0.02165 0.33099 0.9255 0.6157 0.2627
v -0.38750 -0.02500 0.29600 0.9255 0.6157 0.2627
f 3022 3023 3024
v -0.41401 -0.02165 0.33099 0.9255 0.6157 0.2627
v -0.40181 -0.01531 0.34024 0.9255 0.6157 0.2627
v -0.38750 -0.02500 0.29600 0.9255 0.6157 0.2627
f 3025 3026 3027
v -0.38750 -0.02500 0.29600 0.9255 0.6157 0.2627
v -0.40181 -0.01531 0.34024 0.9255 0.6157 0.2627
v -0.37341 -0.01768 0.30667 0.9255 0.6157 0.2627
f 3028 3029 3030
v -0.40181 -0.01531 0.34024 0.9255 0.6157 0.2627
v -0.39675 -0.00000 0.34407 0.9255 0.6157 0.2627
v -0.37341 -0.01768 0.30667 0.9255 0.6157 0.2627
f 3031 3032 3033
v -0.37341 -0.01768 0.30667 0.9255 0.6157 0.2627
v -0.39675 -0.00000 0.34407 0.9255 0.6157 0.2627
v -0.36757 -0.00000 0.31110 0.9255 0.6157 0.2627
f 3034 3035 3036
v -0.39675 -0.00000 0.34407 0.9255 0.6157 0.2627
v -0.40181 0.01531 0.34024 0.9255 0.6157 0.2627
v -0.36757 -0.00000 0.31110 0.9255 0.6157 0.2627
f 3037 3038 3039
v -0.36757 -0.00000 0.31110 0.9255 0.6157 0.2627
v -0.40181 0.01531 0.34024 0.9255 0.6157 0.2627
v -0.37341 0.01768 0.30667 0.9255 0.6157 0.2627
f 3040 3041 3042
v -0.40181 0.01531 0.34024 0.9255 0.6157 0.2627
v -0.41401 0.02165 0.33099 0.9255 0.6157 0.2627
v -0.37341 0.01768 0.30667 0.9255 0.6157 0.2627
f 3043 3044 3045
v -0.37341 0.01768 0.30667 0.9255 0.6157 0.2627
v -0.41401 0.02165 0.33099 0.9255 0.6157 0.2627
v -0.38750 0.02500 0.29600 0.9255 0.6157 0.2627
f 3046 3047 3048
v -0.41401 0.02165 0.33099 0.9255 0.6157 0.2627
v -0.42621 0.01531 0.32175 0.9255 0.6157 0.2627
v -0.38750 0.02500 0.29600 0.9255 0.6157 0.2627
f 3049 3050 3051
v -0.38750 0.02500 0.29600 0.9255 0.6157 0.2627
v -0.42621 0.01531 0.32175 0.9255 0.6157 0.2627
v -0.40159 0.01768 0.28533 0.9255 0.6157 0.2627
f 3052 3053 3054
v -0.42621 0.01531 0.32175 0.9255 0.6157 0.2627
v -0.43127 0.00000 0.31792 0.9255 0.6157 0.2627
v -0.40159 0.01768 0.28533 0.9255 0.6157 0.2627
f 3055 3056 3057
v -0.40159 0.01768 0.28533 0.9255 0.6157 0.2627
v -0.43127 0.00000 0.31792 0.9255 0.6157 0.2627
v -0.40743 0.00000 0.28090 0.9255 0.6157 0.2627
f 3058 3059 3060
v -0.40743 0.00000 0.28090 0.9255 0.6157 0.2627
v -0.40159 -0.01768 0.28533 0.9255 0.6157 0.2627
v -0.37825 0.00000 0.24793 0.9255 0.6157 0.2627
f 3061 3062 3063
v -0.37825 0.00000 0.24793 0.9255 0.6157 0.2627
v -0.40159 -0.01768 0.28533 0.9255 0.6157 0.2627
v -0.37319 -0.01531 0.25176 0.9255 0.6157 0.2627
f 3064 3065 3066
v -0.40159 -0.01768 0.28533 0.9255 0.6157 0.2627
v -0.38750 -0.02500 0.29600 0.9255 0.6157 0.2627
v -0.37319 -0.01531 0.25176 0.9255 0.6157 0.2627
f 3067 3068 3069
v -0.37319 -0.01531 0.25176 0.9255 0.6157 0.2627
v -0.38750 -0.02500 0.29600 0.9255 0.6157 0.2627
v -0.36099 -0.02165 0.26101 0.9255 0.6157 0.2627
f 3070 3071 3072
v -0.38750 -0.02500 0.29600 0.9255 0.6157 0.2627
v -0.37341 -0.01768 0.30667 0.9255 0.6157 0.2627
v -0.36099 -0.02165 0.26101 0.9255 0.6157 0.2627
f 3073 3074 3075
v -0.36099 -0.02165 0.26101 0.9255 0.6157 0.2627
v -0.37341 -0.01768 0.30667 0.9255 0.6157 0.2627
v -0.34879 -0.01531 0.27025 0.9255 0.6157 0.2627
f 3076 3077 3078
v -0.37341 -0.01768 0.30667 0.9255 0.6157 0.2627
v -0.36757 -0.00000 0.31110 0.9255 0.6157 0.2627
v -0.34879 -0.01531 0.27025 0.9255 0.6157 0.2627
f 3079 3080 3081
v -0.34879 -0.01531 0.27025 0.9255 0.6157 0.2627
v -0.36757 -0.00000 0.31110 0.9255 0.6157 0.2627
v -0.34373 -0.00000 0.27408 0.9255 0.6157 0.2627
f 3082 3083 3084
v -0.36757 -0.00000 0.31110 0.9255 0.6157 0.2627
v -0.37341 0.01768 0.30667 0.9255 0.6157 0.2627
v -0.34373 -0.00000 0.27408 0.9255 0.6157 0.2627
f 3085 3086 3087
v -0.34373 -0.00000 0.27408 0.9255 0.6157 0.2627
v -0.37341 0.01768 0.30667 0.9255 0.6157 0.2627
v -0.34879 0.01531 0.27025 0.9255 0.6157 0.2627
f 3088 3089 3090
v -0.37341 0.01768 0.30667 0.9255 0.6157 0.2627
v -0.38750 0.02500 0.29600 0.9255 0.6157 0.2627
v -0.34879 0.01531 0.27025 0.9255 0.6157 0.2627
f 3091 3092 3093
v -0.34879 0.01531 0.27025 0.9255 0.6157 0.2627
v -0.38750 0.02500 0.29600 0.9255 0.6157 0.2627
v -0.36099 0.02165 0.26101 0.9255 0.6157 0.2627
f 3094 3095 3096
v -0.38750 0.02500 0.29600 0.9255 0.6157 0.2627
v -0.40159 0.01768 0.28533 0.9255 0.6157 0.2627
v -0.36099 0.02165 0.26101 0.9255 0.6157 0.2627
f 3097 3098 3099
v -0.36099 0.02165 0.26101 0.9255 0.6157 0.2627
v -0.40159 0.01768 0.28533 0.9255 0.6157 0.2627
v -0.37319 0.01531 0.25176 0.9255 0.6157 0.2627
f 3100 3101 3102
v -0.40159 0.01768 0.28533 0.9255 0.6157 0.2627
v -0.40743 0.00000 0.28090 0.9255 0.6157 0.2627
v -0.37319 0.01531 0.25176 0.9255 0.6157 0.2627
f 3103 3104 3105
v -0.37319 0.01531 0.25176 0.9255 0.6157 0.2627
v -0.40743 0.00000 0.28090 0.9255 0.6157 0.2627
v -0.37825 0.00000 0.24793 0.9255 0.6157 0.2627
f 3106 3107 3108
v -0.37825 0.00000 0.24793 0.9255 0.6157 0.2627
v -0.37319 -0.01531 0.25176 0.9255 0.6157 0.2627
v -0.35155 0.00000 0.22784 0.9255 0.6157 0.2627
f 3109 3110 3111
v -0.35155 0.00000 0.22784 0.9255 0.6157 0.2627
v -0.37319 -0.01531 0.25176 0.9255 0.6157 0.2627
v -0.34863 -0.00884 0.23005 0.9255 0.6157 0.2627
f 3112 3113 3114
v -0.37319 -0.01531 0.25176 0.9255 0.6157 0.2627
v -0.36099 -0.02165 0.26101 0.9255 0.6157 0.2627
v -0.34863 -0.00884 0.23005 0.9255 0.6157 0.2627
f 3115 3116 3117
v -0.34863 -0.00884 0.23005 0.9255 0.6157 0.2627
v -0.36099 -0.02165 0.26101 0.9255 0.6157 0.2627
v -0.34158 -0.01250 0.23539 0.9255 0.6157 0.2627
f 3118 3119 3120
v -0.36099 -0.02165 0.26101 0.9255 0.6157 0.2627
v -0.34879 -0.01531 0.27025 0.9255 0.6157 0.2627
v -0.34158 -0.01250 0.23539 0.9255 0.6157 0.2627
f 3121 3122 3123
v -0.34158 -0.01250 0.23539 0.9255 0.6157 0.2627
v -0.34879 -0.01531 0.27025 0.9255 0.6157 0.2627
v -0.33454 -0.00884 0.24073 0.9255 0.6157 0.2627
f 3124 3125 3126
v -0.34879 -0.01531 0.27025 0.9255 0.6157 0.2627
v -0.34373 -0.00000 0.27408 0.9255 0.6157 0.2627
v -0.33454 -0.00884 0.24073 0.9255 0.6157 0.2627
f 3127 3128 3129
v -0.33454 -0.00884 0.24073 0.9255 0.6157 0.2627
v -0.34373 -0.00000 0.27408 0.9255 0.6157 0.2627
v -0.33162 -0.00000 0.24294 0.9255 0.6157 0.2627
f 3130 3131 3132
v -0.34373 -0.00000 0.27408 0.9255 0.6157 0.2627
v -0.34879 0.01531 0.27025 0.9255 0.6157 0.2627
v -0.33162 -0.00000 0.24294 0.9255 0.6157 0.2627
f 3133 3134 3135
v -0.33162 -0.00000 0.24294 0.9255 0.6157 0.2627
v -0.34879 0.01531 0.27025 0.9255 0.6157 0.2627
v -0.33454 0.00884 0.24073 0.9255 0.6157 0.2627
f 3136 3137 3138
v -0.34879 0.01531 0.27025 0.9255 0.6157 0.2627
v -0.36099 0.02165 0.26101 0.9255 0.6157 0.2627
v -0.33454 0.00884 0.24073 0.9255 0.6157 0.2627
f 3139 3140 3141
v -0.33454 0.00884 0.24073 0.9255 0.6157 0.2627
v -0.36099 0.02165 0.26101 0.9255 0.6157 0.2627
v -0.34158 0.01250 0.23539 0.9255 0.6157 0.2627
f 3142 3143 3144
v -0.36099 0.02165 0.26101 0.9255 0.6157 0.2627
v -0.37319 0.01531 0.25176 0.9255 0.6157 0.2627
v -0.34158 0.01250 0.23539 0.9255 0.6157 0.2627
f 3145 3146 3147
v -0.34158 0.01250 0.23539 0.9255 0.6157 0.2627
v -0.37319 0.01531 0.25176 0.9255 0.6157 0.2627
v -0.34863 0.00884 0.23005 0.9255 0.6157 0.2627
f 3148 3149 3150
v -0.37319 0.01531 0.25176 0.9255 0.6157 0.2627
v -0.37825 0.00000 0.24793 0.9255 0.6157 0.2627
v -0.34863 0.00884 0.23005 0.9255 0.6157 0.2627
f 3151 3152 3153
v -0.34863 0.00884 0.23005 0.9255 0.6157 0.2627
v -0.37825 0.00000 0.24793 0.9255 0.6157 0.2627
v -0.35155 0.00000 0.22784 0.9255 0.6157 0.2627
f 3154 3155 3156
v -0.35155 0.00000 0.22784 0.9255 0.6157 0.2627
v -0.34863 -0.00884 0.23005 0.9255 0.6157 0.2627
v -0.33448 0.00000 0.22601 0.9255 0.6157 0.2627
f 3157 3158 3159
v -0.34863 -0.00884 0.23005 0.9255 0.6157 0.2627
v -0.34158 -0.01250 0.23539 0.9255 0.6157 0.2627
v -0.33448 -0.00000 0.22601 0.9255 0.6157 0.2627
f 3160 3161 3162
v -0.34158 -0.01250 0.23539 0.9255 0.6157 0.2627
v -0.33454 -0.00884 0.24073 0.9255 0.6157 0.2627
v -0.33448 -0.00000 0.22601 0.9255 0.6157 0.2627
f 3163 3164 3165
v -0.33454 -0.00884 0.24073 0.9255 0.6157 0.2627
v -0.33162 -0.00000 0.24294 0.9255 0.6157 0.2627
v -0.33448 -0.00000 0.22601 0.9255 0.6157 0.2627
f 3166 3167 3168
v -0.33162 -0.00000 0.24294 0.9255 0.6157 0.2627
v -0.33454 0.00884 0.24073 0.9255 0.6157 0.2627
v -0.33448 -0.00000 0.22601 0.9255 0.6157 0.2627
f 3169 3170 3171
v -0.33454 0.00884 0.24073 0.9255 0.6157 0.2627
v -0.34158 0.01250 0.23539 0.9255 0.6157 0.2627
v -0.33448 0.00000 0.22601 0.9255 0.6157 0.2627
f 3172 3173 3174
v -0.34158 0.01250 0.23539 0.9255 0.6157 0.2627
v -0.34863 0.00884 0.23005 0.9255 0.6157 0.2627
v -0.33448 0.00000 0.22601 0.9255 0.6157 0.2627
f 3175 3176 3177
v -0.34863 0.00884 0.23005 0.9255 0.6157 0.2627
v -0.35155 0.00000 0.22784 0.9255 0.6157 0.2627
v -0.33448 0.00000 0.22601 0.9255 0.6157 0.2627
f 3178 3179 3180
v -0.10867 0.00000 0.43935 0.9059 0.6667 0.2157
v -0.10178 0.00000 0.45446 0.9059 0.6667 0.2157
v -0.10540 -0.00849 0.44066 0.9059 0.6667 0.2157
f 3181 3182 3183
v -0.10540 -0.00849 0.44066 0.9059 0.6667 0.2157
v -0.10178 0.00000 0.45446 0.9059 0.6667 0.2157
v -0.09752 -0.01200 0.44381 0.9059 0.6667 0.2157
f 3184 3185 3186
v -0.09752 -0.01200 0.44381 0.9059 0.6667 0.2157
v -0.10178 0.00000 0.45446 0.9059 0.6667 0.2157
v -0.08965 -0.00849 0.44696 0.9059 0.6667 0.2157
f 3187 3188 3189
v -0.08965 -0.00849 0.44696 0.9059 0.6667 0.2157
v -0.10178 0.00000 0.45446 0.9059 0.6667 0.2157
v -0.08638 -0.00000 0.44827 0.9059 0.6667 0.2157
f 3190 3191 3192
v -0.08638 -0.00000 0.44827 0.9059 0.6667 0.2157
v -0.10178 0.00000 0.45446 0.9059 0.6667 0.2157
v -0.08965 0.00849 0.44696 0.9059 0.6667 0.2157
f 3193 3194 3195
v -0.08965 0.00849 0.44696 0.9059 0.6667 0.2157
v -0.10178 0.00000 0.45446 0.9059 0.6667 0.2157
v -0.09752 0.01200 0.44381 0.9059 0.6667 0.2157
f 3196 3197 3198
v -0.09752 0.01200 0.44381 0.9059 0.6667 0.2157
v -0.10178 0.00000 0.45446 0.9059 0.6667 0.2157
v -0.10540 0.00849 0.44066 0.9059 0.6667 0.2157
f 3199 3200 3201
v -0.10540 0.00849 0.44066 0.9059 0.6667 0.2157
v -0.10178 0.00000 0.45446 0.9059 0.6667 0.2157
v -0.10867 0.00000 0.43935 0.9059 0.6667 0.2157
f 3202 3203 3204
v -0.10867 0.00000 0.43935 0.9059 0.6667 0.2157
v -0.10540 -0.00849 0.44066 0.9059 0.6667 0.2157
v -0.10519 0.00000 0.40701 0.9059 0.6667 0.2157
f 3205 3206 3207
v -0.10519 0.00000 0.40701 0.9059 0.6667 0.2157
v -0.10540 -0.00849 0.44066 0.9059 0.6667 0.2157
v -0.09954 -0.01470 0.40927 0.9059 0.6667 0.2157
f 3208 3209 3210
v -0.10540 -0.00849 0.44066 0.9059 0.6667 0.2157
v -0.09752 -0.01200 0.44381 0.9059 0.6667 0.2157
v -0.09954 -0.01470 0.40927 0.9059 0.6667 0.2157
f 3211 3212 3213
v -0.09954 -0.01470 0.40927 0.9059 0.6667 0.2157
v -0.09752 -0.01200 0.44381 0.9059 0.6667 0.2157
v -0.08589 -0.02078 0.41473 0.9059 0.6667 0.2157
f 3214 3215 3216
v -0.09752 -0.01200 0.44381 0.9059 0.6667 0.2157
v -0.08965 -0.00849 0.44696 0.9059 0.6667 0.2157
v -0.08589 -0.02078 0.41473 0.9059 0.6667 0.2157
f 3217 3218 3219
v -0.08589 -0.02078 0.41473 0.9059 0.6667 0.2157
v -0.08965 -0.00849 0.44696 0.9059 0.6667 0.2157
v -0.07225 -0.01470 0.42019 0.9059 0.6667 0.2157
f 3220 3221 3222
v -0.08965 -0.00849 0.44696 0.9059 0.6667 0.2157
v -0.08638 -0.00000 0.44827 0.9059 0.6667 0.2157
v -0.07225 -0.01470 0.42019 0.9059 0.6667 0.2157
f 3223 3224 3225
v -0.07225 -0.01470 0.42019 0.9059 0.6667 0.2157
v -0.08638 -0.00000 0.44827 0.9059 0.6667 0.2157
v -0.06659 -0.00000 0.42245 0.9059 0.6667 0.2157
f 3226 3227 3228
v -0.08638 -0.00000 0.44827 0.9059 0.6667 0.2157
v -0.08965 0.00849 0.44696 0.9059 0.6667 0.2157
v -0.06659 -0.00000 0.42245 0.9059 0.6667 0.2157
f 3229 3230 3231
v -0.06659 -0.00000 0.42245 0.9059 0.6667 0.2157
v -0.08965 0.00849 0.44696 0.9059 0.6667 0.2157
v -0.07225 0.01470 0.42019 0.9059 0.6667 0.2157
f 3232 3233 3234
v -0.08965 0.00849 0.44696 0.9059 0.6667 0.2157
v -0.09752 0.01200 0.44381 0.9059 0.6667 0.2157
v -0.07225 0.01470 0.42019 0.9059 0.6667 0.2157
f 3235 3236 3237
v -0.07225 0.01470 0.42019 0.9059 0.6667 0.2157
v -0.09752 0.01200 0.44381 0.9059 0.6667 0.2157
v -0.08589 0.02078 0.41473 0.9059 0.6667 0.2157
f 3238 3239 3240
v -0.09752 0.01200 0.44381 0.9059 0.6667 0.2157
v -0.10540 0.00849 0.44066 0.9059 0.6667 0.2157
v -0.08589 0.02078 0.41473 0.9059 0.6667 0.2157
f 3241 3242 3243
v -0.08589 0.02078 0.41473 0.9059 0.6667 0.2157
v -0.10540 0.00849 0.44066 0.9059 0.6667 0.2157
v -0.09954 0.01470 0.40927 0.9059 0.6667 0.2157
f 3244 3245 3246
v -0.10540 0.00849 0.44066 0.9059 0.6667 0.2157
v -0.10867 0.00000 0.43935 0.9059 0.6667 0.2157
v -0.09954 0.01470 0.40927 0.9059 0.6667 0.2157
f 3247 3248 3249
v -0.09954 0.01470 0.40927 0.9059 0.6667 0.2157
v -0.10867 0.00000 0.43935 0.9059 0.6667 0.2157
v -0.10519 0.00000 0.40701 0.9059 0.6667 0.2157
f 3250 3251 3252
v -0.10519 0.00000 0.40701 0.9059 0.6667 0.2157
v -0.09954 -0.01470 0.40927 0.9059 0.6667 0.2157
v -0.09228 0.00000 0.36609 0.9059 0.6667 0.2157
f 3253 3254 3255
v -0.09228 0.00000 0.36609 0.9059 0.6667 0.2157
v -0.09954 -0.01470 0.40927 0.9059 0.6667 0.2157
v -0.08576 -0.01697 0.36870 0.9059 0.6667 0.2157
f 3256 3257 3258
v -0.09954 -0.01470 0.40927 0.9059 0.6667 0.2157
v -0.08589 -0.02078 0.41473 0.9059 0.6667 0.2157
v -0.08576 -0.01697 0.36870 0.9059 0.6667 0.2157
f 3259 3260 3261
v -0.08576 -0.01697 0.36870 0.9059 0.6667 0.2157
v -0.08589 -0.02078 0.41473 0.9059 0.6667 0.2157
v -0.07000 -0.02400 0.37500 0.9059 0.6667 0.2157
f 3262 3263 3264
v -0.08589 -0.02078 0.41473 0.9059 0.6667 0.2157
v -0.07225 -0.01470 0.42019 0.9059 0.6667 0.2157
v -0.07000 -0.02400 0.37500 0.9059 0.6667 0.2157
f 3265 3266 3267
v -0.07000 -0.02400 0.37500 0.9059 0.6667 0.2157
v -0.07225 -0.01470 0.42019 0.9059 0.6667 0.2157
v -0.05424 -0.01697 0.38130 0.9059 0.6667 0.2157
f 3268 3269 3270
v -0.07225 -0.01470 0.42019 0.9059 0.6667 0.2157
v -0.06659 -0.00000 0.42245 0.9059 0.6667 0.2157
v -0.05424 -0.01697 0.38130 0.9059 0.6667 0.2157
f 3271 3272 3273
v -0.05424 -0.01697 0.38130 0.9059 0.6667 0.2157
v -0.06659 -0.00000 0.42245 0.9059 0.6667 0.2157
v -0.04772 -0.00000 0.38391 0.9059 0.6667 0.2157
f 3274 3275 3276
v -0.06659 -0.00000 0.42245 0.9059 0.6667 0.2157
v -0.07225 0.01470 0.42019 0.9059 0.6667 0.2157
v -0.04772 -0.00000 0.38391 0.9059 0.6667 0.2157
f 3277 3278 3279
v -0.04772 -0.00000 0.38391 0.9059 0.6667 0.2157
v -0.07225 0.01470 0.42019 0.9059 0.6667 0.2157
v -0.05424 0.01697 0.38130 0.9059 0.6667 0.2157
f 3280 3281 3282
v -0.07225 0.01470 0.42019 0.9059 0.6667 0.2157
v -0.08589 0.02078 0.41473 0.9059 0.6667 0.2157
v -0.05424 0.01697 0.38130 0.9059 0.6667 0.2157
f 3283 3284 3285
v -0.05424 0.01697 0.38130 0.9059 0.6667 0.2157
v -0.08589 0.02078 0.41473 0.9059 0.6667 0.2157
v -0.07000 0.02400 0.37500 0.9059 0.6667 0.2157
f 3286 3287 3288
v -0.08589 0.02078 0.41473 0.9059 0.6667 0.2157
v -0.09954 0.01470 0.40927 0.9059 0.6667 0.2157
v -0.07000 0.02400 0.37500 0.9059 0.6667 0.2157
f 3289 3290 3291
v -0.07000 0.02400 0.37500 0.9059 0.6667 0.2157
v -0.09954 0.01470 0.40927 0.9059 0.6667 0.2157
v -0.08576 0.01697 0.36870 0.9059 0.6667 0.2157
f 3292 3293 3294
v -0.09954 0.01470 0.40927 0.9059 0.6667 0.2157
v -0.10519 0.00000 0.40701 0.9059 0.6667 0.2157
v -0.08576 0.01697 0.36870 0.9059 0.6667 0.2157
f 3295 3296 3297
v -0.08576 0.01697 0.36870 0.9059 0.6667 0.2157
v -0.10519 0.00000 0.40701 0.9059 0.6667 0.2157
v -0.09228 0.00000 0.36609 0.9059 0.6667 0.2157
f 3298 3299 3300
v -0.09228 0.00000 0.36609 0.9059 0.6667 0.2157
v -0.08576 -0.01697 0.36870 0.9059 0.6667 0.2157
v -0.07341 0.00000 0.32755 0.9059 0.6667 0.2157
f 3301 3302 3303
v -0.07341 0.00000 0.32755 0.9059 0.6667 0.2157
v -0.08576 -0.01697 0.36870 0.9059 0.6667 0.2157
v -0.06775 -0.01470 0.32981 0.9059 0.6667 0.2157
f 3304 3305 3306
v -0.08576 -0.01697 0.36870 0.9059 0.6667 0.2157
v -0.07000 -0.02400 0.37500 0.9059 0.6667 0.2157
v -0.06775 -0.01470 0.32981 0.9059 0.6667 0.2157
f 3307 3308 3309
v -0.06775 -0.01470 0.32981 0.9059 0.6667 0.2157
v -0.07000 -0.02400 0.37500 0.9059 0.6667 0.2157
v -0.05411 -0.02078 0.33527 0.9059 0.6667 0.2157
f 3310 3311 3312
v -0.07000 -0.02400 0.37500 0.9059 0.6667 0.2157
v -0.05424 -0.01697 0.38130 0.9059 0.6667 0.2157
v -0.05411 -0.02078 0.33527 0.9059 0.6667 0.2157
f 3313 3314 3315
v -0.05411 -0.02078 0.33527 0.9059 0.6667 0.2157
v -0.05424 -0.01697 0.38130 0.9059 0.6667 0.2157
v -0.04046 -0.01470 0.34073 0.9059 0.6667 0.2157
f 3316 3317 3318
v -0.05424 -0.01697 0.38130 0.9059 0.6667 0.2157
v -0.04772 -0.00000 0.38391 0.9059 0.6667 0.2157
v -0.04046 -0.01470 0.34073 0.9059 0.6667 0.2157
f 3319 3320 3321
v -0.04046 -0.01470 0.34073 0.9059 0.6667 0.2157
v -0.04772 -0.00000 0.38391 0.9059 0.6667 0.2157
v -0.03481 -0.00000 0.34299 0.9059 0.6667 0.2157
f 3322 3323 3324
v -0.04772 -0.00000 0.38391 0.9059 0.6667 0.2157
v -0.05424 0.01697 0.38130 0.9059 0.6667 0.2157
v -0.03481 -0.00000 0.34299 0.9059 0.6667 0.2157
f 3325 3326 3327
v -0.03481 -0.00000 0.34299 0.9059 0.6667 0.2157
v -0.05424 0.01697 0.38130 0.9059 0.6667 0.2157
v -0.04046 0.01470 0.34073 0.9059 0.6667 0.2157
f 3328 3329 3330
v -0.05424 0.01697 0.38130 0.9059 0.6667 0.2157
v -0.07000 0.02400 0.37500 0.9059 0.6667 0.2157
v -0.04046 0.01470 0.34073 0.9059 0.6667 0.2157
f 3331 3332 3333
v -0.04046 0.01470 0.34073 0.9059 0.6667 0.2157
v -0.07000 0.02400 0.37500 0.9059 0.6667 0.2157
v -0.05411 0.02078 0.33527 0.9059 0.6667 0.2157
f 3334 3335 3336
v -0.07000 0.02400 0.37500 0.9059 0.6667 0.2157
v -0.08576 0.01697 0.36870 0.9059 0.6667 0.2157
v -0.05411 0.02078 0.33527 0.9059 0.6667 0.2157
f 3337 3338 3339
v -0.05411 0.02078 0.33527 0.9059 0.6667 0.2157
v -0.08576 0.01697 0.36870 0.9059 0.6667 0.2157
v -0.06775 0.01470 0.32981 0.9059 0.6667 0.2157
f 3340 3341 3342
v -0.08576 0.01697 0.36870 0.9059 0.6667 0.2157
v -0.09228 0.00000 0.36609 0.9059 0.6667 0.2157
v -0.06775 0.01470 0.32981 0.9059 0.6667 0.2157
f 3343 3344 3345
v -0.06775 0.01470 0.32981 0.9059 0.6667 0.2157
v -0.09228 0.00000 0.36609 0.9059 0.6667 0.2157
v -0.07341 0.00000 0.32755 0.9059 0.6667 0.2157
f 3346 3347 3348
v -0.07341 0.00000 0.32755 0.9059 0.6667 0.2157
v -0.06775 -0.01470 0.32981 0.9059 0.6667 0.2157
v -0.05362 0.00000 0.30173 0.9059 0.6667 0.2157
f 3349 3350 3351
v -0.05362 0.00000 0.30173 0.9059 0.6667 0.2157
v -0.06775 -0.01470 0.32981 0.9059 0.6667 0.2157
v -0.05035 -0.00849 0.30304 0.9059 0.6667 0.2157
f 3352 3353 3354
v -0.06775 -0.01470 0.32981 0.9059 0.6667 0.2157
v -0.05411 -0.02078 0.33527 0.9059 0.6667 0.2157
v -0.05035 -0.00849 0.30304 0.9059 0.6667 0.2157
f 3355 3356 3357
v -0.05035 -0.00849 0.30304 0.9059 0.6667 0.2157
v -0.05411 -0.02078 0.33527 0.9059 0.6667 0.2157
v -0.04248 -0.01200 0.30619 0.9059 0.6667 0.2157
f 3358 3359 3360
v -0.05411 -0.02078 0.33527 0.9059 0.6667 0.2157
v -0.04046 -0.01470 0.34073 0.9059 0.6667 0.2157
v -0.04248 -0.01200 0.30619 0.9059 0.6667 0.2157
f 3361 3362 3363
v -0.04248 -0.01200 0.30619 0.9059 0.6667 0.2157
v -0.04046 -0.01470 0.34073 0.9059 0.6667 0.2157
v -0.03460 -0.00849 0.30934 0.9059 0.6667 0.2157
f 3364 3365 3366
v -0.04046 -0.01470 0.34073 0.9059 0.6667 0.2157
v -0.03481 -0.00000 0.34299 0.9059 0.6667 0.2157
v -0.03460 -0.00849 0.30934 0.9059 0.6667 0.2157
f 3367 3368 3369
v -0.03460 -0.00849 0.30934 0.9059 0.6667 0.2157
v -0.03481 -0.00000 0.34299 0.9059 0.6667 0.2157
v -0.03133 -0.00000 0.31065 0.9059 0.6667 0.2157
f 3370 3371 3372
v -0.03481 -0.00000 0.34299 0.9059 0.6667 0.2157
v -0.04046 0.01470 0.34073 0.9059 0.6667 0.2157
v -0.03133 -0.00000 0.31065 0.9059 0.6667 0.2157
f 3373 3374 3375
v -0.03133 -0.00000 0.31065 0.9059 0.6667 0.2157
v -0.04046 0.01470 0.34073 0.9059 0.6667 0.2157
v -0.03460 0.00849 0.30934 0.9059 0.6667 0.2157
f 3376 3377 3378
v -0.04046 0.01470 0.34073 0.9059 0.6667 0.2157
v -0.05411 0.02078 0.33527 0.9059 0.6667 0.2157
v -0.03460 0.00849 0.30934 0.9059 0.6667 0.2157
f 3379 3380 3381
v -0.03460 0.00849 0.30934 0.9059 0.6667 0.2157
v -0.05411 0.02078 0.33527 0.9059 0.6667 0.2157
v -0.04248 0.01200 0.30619 0.9059 0.6667 0.2157
f 3382 3383 3384
v -0.05411 0.02078 0.33527 0.9059 0.6667 0.2157
v -0.06775 0.01470 0.32981 0.9059 0.6667 0.2157
v -0.04248 0.01200 0.30619 0.9059 0.6667 0.2157
f 3385 3386 3387
v -0.04248 0.01200 0.30619 0.9059 0.6667 0.2157
v -0.06775 0.01470 0.32981 0.9059 0.6667 0.2157
v -0.05035 0.00849 0.30304 0.9059 0.6667 0.2157
f 3388 3389 3390
v -0.06775 0.01470 0.32981 0.9059 0.6667 0.2157
v -0.07341 0.00000 0.32755 0.9059 0.6667 0.2157
v -0.05035 0.00849 0.30304 0.9059 0.6667 0.2157
f 3391 3392 3393
v -0.05035 0.00849 0.30304 0.9059 0.6667 0.2157
v -0.07341 0.00000 0.32755 0.9059 0.6667 0.2157
v -0.05362 0.00000 0.30173 0.9059 0.6667 0.2157
f 3394 3395 3396
v -0.05362 0.00000 0.30173 0.9059 0.6667 0.2157
v -0.05035 -0.00849 0.30304 0.9059 0.6667 0.2157
v -0.03822 0.00000 0.29554 0.9059 0.6667 0.2157
f 3397 3398 3399
v -0.05035 -0.00849 0.30304 0.9059 0.6667 0.2157
v -0.04248 -0.01200 0.30619 0.9059 0.6667 0.2157
v -0.03822 -0.00000 0.29554 0.9059 0.6667 0.2157
f 3400 3401 3402
v -0.04248 -0.01200 0.30619 0.9059 0.6667 0.2157
v -0.03460 -0.00849 0.30934 0.9059 0.6667 0.2157
v -0.03822 -0.00000 0.29554 0.9059 0.6667 0.2157
f 3403 3404 3405
v -0.03460 -0.00849 0.30934 0.9059 0.6667 0.2157
v -0.03133 -0.00000 0.31065 0.9059 0.6667 0.2157
v -0.03822 -0.00000 0.29554 0.9059 0.6667 0.2157
f 3406 3407 3408
v -0.03133 -0.00000 0.31065 0.9059 0.6667 0.2157
v -0.03460 0.00849 0.30934 0.9059 0.6667 0.2157
v -0.03822 -0.00000 0.29554 0.9059 0.6667 0.2157
f 3409 3410 3411
v -0.03460 0.00849 0.30934 0.9059 0.6667 0.2157
v -0.04248 0.01200 0.30619 0.9059 0.6667 0.2157
v -0.03822 0.00000 0.29554 0.9059 0.6667 0.2157
f 3412 3413 3414
v -0.04248 0.01200 0.30619 0.9059 0.6667 0.2157
v -0.05035 0.00849 0.30304 0.9059 0.6667 0.2157
v -0.03822 0.00000 0.29554 0.9059 0.6667 0.2157
f 3415 3416 3417
v -0.05035 0.00849 0.30304 0.9059 0.6667 0.2157
v -0.05362 0.00000 0.30173 0.9059 0.6667 0.2157
v -0.03822 0.00000 0.29554 0.9059 0.6667 0.2157
f 3418 3419 3420
